file,h1,h1_hard_ok,h1_len,h1_present_ok,h1_sweet_ok,h2_count,h2_count_hard_ok,h2_count_sweet_ok,h2_first,h2_hard_ok,h2_len,h2_present_ok,h2_sweet_ok,h3_per_h2_max,h3_per_h2_max_hard_ok,h3_per_h2_max_sweet_ok,internal_links,internal_links_hard_ok,internal_links_sweet_ok,meta_description,meta_description_hard_ok,meta_description_len,meta_description_present_ok,meta_description_sweet_ok,og_description,og_description_hard_ok,og_description_len,og_description_present_ok,og_description_sweet_ok,og_title,og_title_hard_ok,og_title_len,og_title_present_ok,og_title_sweet_ok,schema_headline,schema_headline_hard_ok,schema_headline_len,schema_headline_present_ok,schema_headline_sweet_ok,slug,slug_hard_ok,slug_len,slug_present_ok,slug_sweet_ok,title,title_hard_ok,title_len,title_present_ok,title_sweet_ok,twitter_description,twitter_description_hard_ok,twitter_description_len,twitter_description_present_ok,twitter_description_sweet_ok,twitter_title,twitter_title_hard_ok,twitter_title_len,twitter_title_present_ok,twitter_title_sweet_ok,word_count,word_count_hard_ok,word_count_sweet_ok
blog/10-dollar-superfood-replaced-200-supplement-stack-australia-2026.html,$10 Moringa Habit vs $200 Supplements: Australia 2026,True,53,True,True,11,False,False,My $200 Monthly Supplement Stack (Before),True,41,True,True,9,False,False,4,False,False,"One $10 moringa habit replaced my $200 monthly stack in 2026: what changed, what flopped, and what Australians should know before they switch.",True,142,True,True,"I swapped a $200 supplement stack for one moringa habit in 2026. What actually shifted, what did not, and the honest cost reality for daily life in Australia.",True,158,True,True,$10 Moringa Habit Replaced a $200 Supplement Stack: Australia 2026 Story,True,72,True,True,The $10 Superfood That Replaced My $200 Stack: Australia 2026,True,61,True,True,10-dollar-superfood-replaced-200-supplement-stack-australia-2026,True,64,True,True,$10 Moringa Habit vs $200 Supplements: Australia 2026,True,53,True,True,"2026: from $200 a month in pills to one moringa habit. What changed for me, what did not, and what to know before you switch in Australia.",True,138,True,True,$10 moringa habit versus a $200 supplement stack: Australia 2026,True,64,True,True,1250,False,False
blog/affordable-superfoods-organic-tax-marketplace-wellness-vic-nsw-qld-2026.html,Affordable Moringa 2026: Beat the Organic Tax in Australia,True,58,True,True,13,False,False,Healthspan in a cost-of-living crisis,True,37,True,True,8,False,False,13,False,False,"2026: marketplace superfood deals vs lab moringa in Australia—storage risk, batch tests, and when domestic lab-backed powder wins per real serving.",True,147,True,True,"In 2026, east coast shoppers compare Marketplace and Gumtree superfood deals to lab-tested, shade-dried moringa—storage risk, what batch tests buy you, and when Australia-dispatched stock wins.",True,193,True,True,"Affordable Moringa Without the Organic Markup: Australia 2026 (VIC, NSW, QLD)",True,77,True,True,Affordable Moringa 2026: Beat the Organic Tax in Australia,True,58,True,True,affordable-superfoods-organic-tax-marketplace-wellness-vic-nsw-qld-2026,True,71,True,False,Affordable Moringa 2026: Beat Organic Tax in Australia,True,54,True,True,"Marketplace deals vs lab-backed moringa: storage risk, batch tests, and when Australia-dispatched powder beats a cheap anonymous jar in 2026.",True,141,True,True,Affordable moringa 2026: beat organic tax in Australia for buyers,True,65,True,True,1871,False,False
blog/best-greens-powder-australia-2026.html,Best Greens Powder Australia 2026 Compared,True,42,True,True,13,False,False,What You'll Learn in This Guide,True,31,True,True,11,False,False,10,False,False,"Compare the best greens powders in Australia 2026. Moringa vs spirulina vs matcha vs complete blends. Real prices, benefits, reviews. Find your perfect green superfood.",False,168,True,False,"Compare the best greens powders in Australia 2026. Moringa vs spirulina vs matcha vs complete blends. Real prices, benefits, reviews. Find your perfect green superfood.",True,168,True,True,Best Greens Powder Australia 2026 Compared,True,42,True,False,"Best Greens Powder Australia 2026: Moringa, Spirulina & Super Greens Compared",True,77,True,True,best-greens-powder-australia-2026,True,33,True,False,Best Greens Powder Australia 2026 Compared,True,42,True,False,"Compare the best greens powders in Australia 2026. Moringa vs spirulina vs matcha vs complete blends. Real prices, benefits, reviews.",True,133,True,True,"Best Greens Powder Australia 2026: Moringa, Spirulina & Super Greens Compared",False,77,True,False,3353,False,False
blog/best-superfoods-australia-comparison-health-conscious-adults.html,Australia 2026 Top Superfoods: 10 Picks for Busy Adults,True,55,True,True,10,False,False,1. Introduction: The Australian Wellness Renaissance of 2026,True,60,True,True,6,False,False,27,False,False,"Superfoods sell fast in Australia in 2026—which earn shelf space? We compare moringa, spirulina, and matcha on cost per serve, habit fit, and honest limits.",True,156,True,False,"A 2026 Australia buyer lens on shelf superfoods: we rank habit fit and cost per serve for busy adults, with clear limits for moringa, spirulina, and matcha (not a miracle league table).",True,185,True,True,"Top superfoods in Australia 2026: moringa, spirulina, matcha compared",True,69,True,True,Australia 2026 Top Superfoods: 10 Picks for Busy Adults,True,55,True,True,best-superfoods-australia-comparison-health-conscious-adults,True,60,True,True,Australia 2026 Top Superfoods: 10 Picks for Busy Adults,True,55,True,True,"Moringa vs spirulina vs matcha for Australians in 2026: cost per serve, what labels hide, and which picks you will actually finish.",True,131,True,True,We ranked Australia superfoods in 2026 for busy adult habits,True,60,True,True,3488,False,False
blog/buy-moringa-powder-melbourne-victoria-chinese-guide.html,2026维州买辣木粉：墨尔本配送与选购要点,True,21,True,False,11,False,False,🔗 Explore More from Our Moringa Hub,True,35,True,True,5,False,False,33,False,False,2026年在维州买辣木粉：哪里靠谱、怎么看出新鲜、墨尔本及周边配送时效与价格怎么比。含选购清单、避坑提示、华人区直送与Chemist常见陈货问题，并附英文指南对比入口——写给在澳生活的你。,False,94,True,False,在墨尔本与维州买辣木粉，先看清颜色与日期，再比价格与每份成本。写清代购与直邮的坑、华人区与郊区配送差异，并告诉你什么时候值得改买本地发货。,False,69,True,False,2026年维州辣木粉购买全攻略：墨尔本配送、价格对比与新鲜度检查,True,32,True,False,2026维州买辣木粉：墨尔本配送与选购要点,True,21,True,False,buy-moringa-powder-melbourne-victoria-chinese-guide,True,51,True,True,Buy Moringa Powder Melbourne: Quality Guide 2026,True,48,True,False,在澳买辣木粉别只看低价：看新鲜、比每份、搞懂配送。适合墨尔本与维州华人：选购清单+超市避坑+本地直发更省心的选择。,False,57,True,False,维州买辣木粉2026：墨尔本配送与避坑,False,19,True,False,739,True,False
blog/cant-lose-weight-broken-gut-what-actually-worked-2026.html,I Couldn't Lose Weight No Matter What I Did. Turned Out My Gut Was Broken. (2026),False,81,True,False,12,False,False,I Tried Everything. Nothing Worked.,True,35,True,True,6,False,False,10,False,False,"Two years of failed diets, then 18kg lost in 6 months by healing her gut. Melbourne woman's honest protocol — moringa, probiotics, 3 phases.",True,140,True,True,"3 years of exhaustion, normal bloods, doctors who shrugged — then iron, sleep, food, stress, and moringa. A 30-day plan and red flags to watch.",True,143,True,True,I Couldn't Lose Weight No Matter What I Did. Turned Out My Gut Was Broken.,True,74,True,True,I Couldn't Lose Weight No Matter What I Did. Turned Out My Gut Was Broken.,True,74,True,True,cant-lose-weight-broken-gut-what-actually-worked-2026,True,53,True,True,I Couldn't Lose Weight No Matter What I Did. Turned Out My Gut Was Broken. (2026),False,81,True,False,"Can't lose weight no matter what? Gut microbiome may be why. Real story: keto fails, Reddit discovery, 18kg lost with moringa and probiotics.",True,141,True,True,I Couldn't Lose Weight No Matter What I Did. Turned Out My Gut Was Broken.,False,74,True,False,1126,False,False
blog/chronic-fatigue-what-actually-fixed-it-2026.html,I Was Tired for 3 Years Straight. Here's What Actually Fixed It (2026),True,70,True,False,11,False,False,"""You're Just Getting Older"" — The Lie Doctors Tell Tired Women",True,62,True,False,7,False,False,13,False,False,"Exhausted for years with 'normal' tests — gut healing, sleep, stress and moringa as one piece. Melbourne 2026 honest story, not medical advice.",True,143,True,True,"3 years of exhaustion, normal bloods, doctors who shrugged — then iron, sleep, food, stress, and moringa. A 30-day plan and red flags to watch.",True,143,True,True,I Was Tired for 3 Years Straight. Here's What Actually Fixed It (2026),True,70,True,True,I Was Tired for 3 Years Straight. Here's What Actually Fixed It (2026),True,70,True,True,chronic-fatigue-what-actually-fixed-it-2026,True,43,True,True,I Was Tired for 3 Years Straight. Here's What Actually Fixed It (2026),False,70,True,False,"Why you're always tired (7 reasons doctors miss), what failed, what worked, and a copy-paste 30-day fix plan. Personal story, Melbourne 2026.",True,141,True,True,I Was Tired for 3 Years Straight. Here's What Actually Fixed It (2026),True,70,True,True,1804,False,False
blog/cortisol-belly-fat-couldnt-lose-stomach-melbourne-2026.html,I Couldn't Lose My Belly Fat No Matter What I Did. Turns Out It Was Cortisol (2026),False,83,True,False,11,False,False,"Right, So This Is Gonna Sound Weird — But Hear Me Out",True,53,True,True,7,False,False,12,False,False,"Melbourne woman couldn't lose belly fat until cortisol was addressed — sleep, stress, nutrition and moringa as one piece. Not medical advice; honest 2026 story.",True,160,True,False,"Chronic stress stores fat around your middle. Saliva cortisol test, 7 fixes that worked, 4-week protocol, and moringa — lost 6cm in 8 weeks.",True,140,True,True,I Couldn't Lose My Belly Fat. Turns Out It Was Cortisol (Melbourne 2026),True,72,True,True,I Couldn't Lose My Belly Fat No Matter What I Did. Turns Out It Was Cortisol (2026),True,83,True,True,cortisol-belly-fat-couldnt-lose-stomach-melbourne-2026,True,54,True,True,I Couldn't Lose My Belly Fat No Matter What I Did. Turns Out It Was Cortisol (2026),False,83,True,False,"Belly fat but lean everywhere else? Cortisol rhythm reset: sunlight, protein, moringa, magnesium, 4-week plan. Melbourne 2026.",True,126,True,True,I Couldn't Lose My Belly Fat. Turns Out It Was Cortisol (2026),True,62,True,True,1391,False,False
blog/cystic-acne-gut-healing-what-actually-cleared-skin-2026.html,I Had Cystic Acne for 5 Years. Here's What Actually Cleared My Skin (Not Accutane) (2026),False,89,True,False,14,False,False,"The Dermatologist Looked at My Face and Said: ""You'll Probably Need Accutane.""",False,78,True,False,7,False,False,12,False,False,"Refused Accutane after 5 years of cystic acne. Gut healing, anti-inflammatory diet, moringa, and a 90-day plan that cleared her skin — Sydney 2026.",True,147,True,True,"Refused Accutane after 5 years of cystic acne. Gut healing, anti-inflammatory diet, moringa, and a 90-day plan that cleared her skin — Sydney 2026.",True,147,True,True,Cystic Acne & Gut Healing: What Cleared Skin (2026),True,51,True,False,I Had Cystic Acne for 5 Years. Here's What Actually Cleared My Skin (Not Accutane),True,82,True,True,cystic-acne-gut-healing-what-actually-cleared-skin-2026,True,55,True,True,Cystic Acne & Gut Healing: What Cleared Skin (2026),True,51,True,True,"Cystic acne without Accutane: gut-skin connection, what failed, 4 things that worked, food triggers, and a copy-paste 90-day clear skin plan.",True,141,True,True,I Had Cystic Acne for 5 Years. Here's What Actually Cleared My Skin (Not Accutane),False,82,True,False,1493,False,False
blog/does-moringa-have-caffeine-truth-about-energy-focus-side-effects-2026.html,Does Moringa Have Caffeine? Energy Truth 2026,True,45,True,True,15,False,False,Does moringa contain caffeine?,True,30,True,True,3,True,False,18,False,False,"No caffeine in moringa. Compare energy vs coffee, night-time use, focus, and common starter side effects—plain-English guide for Australians (2026).",True,148,True,True,"Moringa has no caffeine. Here is why you may still notice steadier energy and focus, how it differs from coffee and matcha, when to take it, and what side effects are common in 2026.",True,182,True,True,"Does Moringa Have Caffeine? Energy, Focus & Side Effects (2026)",True,63,True,True,"Does Moringa Have Caffeine? Energy, Focus & Side Effects (2026)",True,63,True,True,does-moringa-have-caffeine-truth-about-energy-focus-side-effects-2026,True,69,True,False,Does Moringa Have Caffeine? Energy Truth 2026,True,45,True,False,"Moringa is caffeine-free. Energy vs coffee, focus, night use, and what to expect when you start—Australia 2026.",True,111,True,True,"Does moringa have caffeine? Energy, focus & side effects (2026)",True,63,True,True,879,True,True
blog/fresh-moringa-leaves-vs-powder-nutrients-2026.html,Fresh Moringa Leaves vs Powder: Which Has More Nutrients? (2026),True,64,True,True,10,False,False,On this page,False,12,True,False,6,False,False,16,False,False,"Moringa leaves vs powder: nutrient table, 1 tsp powder = 7–10 leaves, why powder wins for daily use in Australia, when fresh is better, taste & FAQ — 2026.",True,155,True,True,"Moringa leaves vs powder: nutrient table, 1 tsp powder = 7–10 leaves, why powder wins for daily use in Australia, when fresh is better, taste & FAQ — 2026.",True,155,True,True,Fresh Moringa Leaves vs Powder: Which Has More Nutrients? (2026) | NutriThrive,True,78,True,True,Fresh Moringa Leaves vs Powder: Which Has More Nutrients? (2026),True,64,True,True,fresh-moringa-leaves-vs-powder-nutrients-2026,True,45,True,True,Fresh Moringa Leaves vs Powder: Which Has More Nutrients? (2026) | NutriThrive,False,78,True,False,"Moringa leaves vs powder: nutrient table, 1 tsp powder = 7–10 leaves, why powder wins for daily use in Australia, when fresh is better, taste & FAQ — 2026.",False,155,True,False,Fresh Moringa Leaves vs Powder: Which Has More Nutrients? (2026) | NutriThrive,False,78,True,False,1216,False,False
blog/green-superfood-smoothie-recipes-australia-2026.html,Green Superfood Smoothie Recipes Australia 2026,True,47,True,True,15,False,False,General Tips Before You Start,True,29,True,True,2,True,True,9,False,False,"10 easy green superfood smoothie recipes using moringa, spirulina, and matcha. Exact ingredients, Australian prices, nutritional info, and tips to make them taste great.",False,169,True,False,"10 easy green superfood smoothie recipes using moringa, spirulina, and matcha. Exact ingredients, Aussie prices, nutritional info, and taste tips.",True,146,True,True,Green Superfood Smoothie Recipes Australia 2026,True,47,True,False,"10 Green Superfood Smoothie Recipes: Moringa, Spirulina & Matcha (Australia 2026)",True,81,True,True,green-superfood-smoothie-recipes-australia-2026,True,47,True,True,Green Superfood Smoothie Recipes Australia 2026,True,47,True,False,,False,0,False,False,,False,0,False,False,1797,False,False
blog/high-protein-moringa-recipes-australia-2026.html,10 High-Protein Moringa Recipes: Australia 2026 (Tested),True,56,True,True,15,False,False,Table of Contents,True,17,True,False,1,True,True,15,False,False,"10 tested high-protein moringa recipes: breakfast bowls, lattes, savoury dinners and snacks. Under 10 minutes each, real ingredients, actual protein counts.",True,156,True,False,From moringa avo smash to savoury green dhal—10 tested recipes that add protein and plant nutrition to real Australian kitchens.,True,128,True,True,10 High-Protein Moringa Recipes: Australia 2026 (Tested),True,56,True,False,10 High-Protein Moringa Recipes: Australia 2026,True,47,True,False,high-protein-moringa-recipes-australia-2026,True,43,True,True,10 High-Protein Moringa Recipes: Australia 2026 (Tested),True,56,True,True,"Breakfasts, lattes, savoury dinners, snacks—moringa recipes built for real Australian kitchens.",True,95,True,False,10 high-protein moringa recipes: Australia 2026,True,47,True,False,2772,False,False
blog/how-much-moringa-powder-per-day-dosage-guide-2026.html,How Much Moringa Powder Per Day? Dosage Guide (2026),True,52,True,True,10,False,False,On this page,False,12,True,False,5,False,False,14,False,False,"How much moringa per day? Adults: 1–2 tsp (3–10g). Start with ½ tsp, ramp over 2 weeks. Age chart, too much moringa, timing & FAQ — Australia 2026.",True,147,True,True,"How much moringa per day? Adults: 1–2 tsp (3–10g). Start with ½ tsp, ramp over 2 weeks. Age chart, too much moringa, timing & FAQ — Australia 2026.",True,147,True,True,How Much Moringa Powder Per Day? Dosage Guide (2026) | NutriThrive,True,66,True,True,How Much Moringa Powder Per Day? Dosage Guide (2026),True,52,True,True,how-much-moringa-powder-per-day-dosage-guide-2026,True,49,True,True,How Much Moringa Powder Per Day? Dosage Guide (2026) | NutriThrive,False,66,True,False,"How much moringa per day? Adults: 1–2 tsp (3–10g). Start with ½ tsp, ramp over 2 weeks. Age chart, too much moringa, timing & FAQ — Australia 2026.",True,147,True,True,How Much Moringa Powder Per Day? Dosage Guide (2026) | NutriThrive,True,66,True,True,804,True,True
blog/how-to-add-moringa-to-diet.html,How to Add Moringa to Your Diet: Easy Ways 2026,True,47,True,True,5,True,True,🎯 What You'll Learn in This Complete Guide,True,42,True,True,3,True,False,8,False,False,"Add moringa to smoothies, teas, and savoury meals: cut bitterness, build a daily serving habit, and use simple Australian-friendly ideas—practical 2026 guide.",True,158,True,False,"From breakfast smoothies to weeknight soups: how to fold moringa into real routines, manage taste, and keep servings consistent.",True,128,True,True,How to Add Moringa to Your Diet: Recipes & Daily Habits (2026),True,62,True,True,"How to Add Moringa to Your Diet: Recipes, Teas and Daily Habits (2026)",True,70,True,True,how-to-add-moringa-to-diet,True,26,True,False,How to Add Moringa to Your Diet: Easy Ways 2026,True,47,True,False,"Recipes, teas, taste tips, and habits—adding moringa without the usual bitter aftertaste.",True,89,True,False,How to add moringa to your diet (2026),True,38,True,False,602,False,False
blog/how-to-choose-greens-powder-australia-2026.html,How to Choose the Right Greens Powder: Complete Buyer's Guide Australia 2026,False,76,True,False,10,False,False,Identify Your Primary Goal,True,26,True,True,6,False,False,7,False,False,"Not sure which greens powder to buy? This step-by-step buyer's guide covers goals, ingredients, price per serve, and red flags — so you choose right the first time.",False,164,True,False,"Not sure which greens powder to buy? Step-by-step guide covering goals, ingredients, price per serve, and red flags — choose right the first time.",True,146,True,True,How to Choose the Right Greens Powder: Complete Buyer's Guide Australia 2026,True,76,True,True,How to Choose the Right Greens Powder: Complete Buyer's Guide Australia 2026,True,76,True,True,how-to-choose-greens-powder-australia-2026,True,42,True,True,How to Choose the Right Greens Powder: Complete Buyer's Guide Australia 2026,False,76,True,False,"Step-by-step guide: goals, ingredients, price per serve, red flags. Choose the right greens powder the first time.",True,114,True,True,How to Choose the Right Greens Powder: Complete Buyer's Guide Australia 2026,False,76,True,False,1606,False,False
blog/how-to-choose-moringa-powder-australia-2026.html,How to Choose Moringa Powder in Australia (2026),True,48,True,True,9,False,False,The 60-second checklist,True,23,True,True,4,False,False,14,False,False,"How to choose moringa powder in Australia: colour, lab tests, shade-dried vs sun-dried, red flags, fair price per 100g, and where to buy fresh — 2026.",True,150,True,True,"How to choose moringa powder in Australia: colour, lab tests, shade-dried vs sun-dried, red flags, fair price per 100g, and where to buy fresh — 2026.",True,150,True,True,How to Choose Moringa Powder in Australia (2026 Buyer Guide) | NutriThrive,True,74,True,True,How to Choose Moringa Powder in Australia (2026),True,48,True,False,how-to-choose-moringa-powder-australia-2026,True,43,True,True,How to Choose Moringa Powder in Australia (2026 Buyer Guide) | NutriThrive,False,74,True,False,"How to choose moringa powder in Australia: colour, lab tests, shade-dried vs sun-dried, red flags, fair price per 100g, and where to buy fresh — 2026.",True,150,True,True,How to Choose Moringa Powder in Australia (2026 Buyer Guide) | NutriThrive,False,74,True,False,645,False,False
blog/how-to-grow-moringa-in-australia-complete-guide-2026.html,How to Grow Moringa in Australia (Complete Guide 2026),True,54,True,True,11,False,False,On this page,False,12,True,False,6,False,False,15,False,False,"How to grow moringa in Australia: climate by state, pots for Melbourne, seed to harvest timeline (8–12 months), frost & watering problems, seeds & FAQ — 2026.",True,158,True,False,"How to grow moringa in Australia: climate by state, pots for Melbourne, seed to harvest timeline (8–12 months), frost & watering problems, seeds & FAQ — 2026.",True,158,True,True,How to Grow Moringa in Australia (Complete Guide 2026) | NutriThrive,True,68,True,True,How to Grow Moringa in Australia (Complete Guide 2026),True,54,True,True,how-to-grow-moringa-in-australia-complete-guide-2026,True,52,True,True,How to Grow Moringa in Australia (Complete Guide 2026) | NutriThrive,False,68,True,False,"How to grow moringa in Australia: climate by state, pots for Melbourne, seed to harvest timeline (8–12 months), frost & watering problems, seeds & FAQ — 2026.",False,158,True,False,How to Grow Moringa in Australia (Complete Guide 2026) | NutriThrive,True,68,True,True,1443,False,False
blog/how-to-read-moringa-batch-codes-freshness.html,Read Moringa Batch Codes & Check Freshness (Australia 2026),True,59,True,True,7,False,False,Where the codes usually hide,True,28,True,True,4,False,False,12,False,False,"Read moringa batch and lot codes in Australia: where labels hide, packed-on vs best-before, colour and smell checks, and humid-climate storage—2026.",True,148,True,True,"Decode stamps, avoid powder that aged in heat, and store sealed packs sensibly in QLD humidity—without trusting the calendar alone.",True,131,True,True,How to Read Moringa Batch Codes & Check Freshness (Australia 2026),True,66,True,True,How to Read Moringa Batch Codes and Check Freshness (Australia 2026),True,68,True,True,how-to-read-moringa-batch-codes-freshness,True,41,True,True,Read Moringa Batch Codes & Check Freshness (Australia 2026),True,59,True,True,"Find the code, read dates, and judge colour and smell before you buy or brew.",True,77,True,False,Moringa batch codes & freshness (Australia 2026),True,48,True,False,1262,False,False
blog/how-to-use-moringa-powder-daily-without-the-bad-taste-2026.html,How to Use Moringa Powder Daily (Tastes Better!),True,48,True,True,8,False,False,Best ways to take moringa powder,True,32,True,True,6,False,False,9,False,False,"Use moringa powder every day without the grassy aftertaste: smoothie and juice pairings, tea tricks, starting dose, and habits that make flavour easier—2026.",True,157,True,False,"Smoothies, juice, and tea methods that actually hide moringa’s edge—plus a simple daily rhythm so you are not choking it down.",True,126,True,True,Use Moringa Powder Daily: Mask the Bitter Taste (Australia 2026),True,64,True,True,Use Moringa Powder Daily: Mask the Bitter Taste (Australia 2026),True,64,True,True,how-to-use-moringa-powder-daily-without-the-bad-taste-2026,True,58,True,True,How to Use Moringa Powder Daily (Tastes Better!),True,48,True,False,"Practical masking methods, simple doses, and a routine you can repeat—no flavour suffering.",True,91,True,False,Moringa powder daily: hide the bad taste (2026),True,47,True,False,686,False,False
blog/is-moringa-banned-australia-truth-2026.html,Is Moringa Banned in Australia? The Truth About Moringa Safety (2026),True,69,True,False,14,False,False,"The short answer: no, moringa is not banned",True,43,True,True,3,True,False,18,False,False,"No — moringa is not banned in Australia (2026). What the TGA actually regulates, why the TikTok rumour spread, how to buy safe legal moringa, and NutriThrive compliance explained.",False,179,True,False,Moringa is legal in Australia. One brand was fined for false health claims — not for selling moringa. Full TGA explainer and how to buy safely.,True,143,True,True,Is Moringa Banned in Australia? The Truth (2026),True,48,True,False,Is Moringa Banned in Australia? The Truth About Moringa Safety (2026),True,69,True,True,is-moringa-banned-australia-truth-2026,True,38,True,False,Is Moringa Banned in Australia? Here's the Truth (2026 Update),False,62,True,False,"Moringa is not banned. TGA regulates advertising claims, not the plant. What happened in May 2026 and how to buy safely.",True,120,True,True,Is Moringa Banned in Australia? The Truth (2026),True,48,True,False,1234,False,False
blog/moringa-30-day-challenge-honest-results.html,I Took Moringa Every Day for 30 Days: My Honest Results,True,55,True,True,12,False,False,What Even Is Moringa? (The Quick Version),True,41,True,True,11,False,False,20,False,False,"I tried moringa powder daily for 30 days. Here's what happened to my energy, digestion, and sleep. Real results, no BS. Plus recipes that actually work.",True,152,True,True,"I tried moringa powder daily for 30 days. Real results on energy, digestion & sleep. Plus recipes that actually taste good.",True,123,True,True,I Took Moringa Every Day for 30 Days: My Honest Results,True,55,True,False,I Took Moringa Every Day for 30 Days: Here's What Actually Happened,True,67,True,True,moringa-30-day-challenge-honest-results,True,39,True,False,I Took Moringa Every Day for 30 Days: My Honest Results,True,55,True,True,"Real results on energy, digestion & sleep after 30 days of moringa powder. Plus recipes that actually taste good.",True,113,True,True,I Took Moringa Every Day for 30 Days: My Honest Results,True,55,True,False,3006,False,False
blog/moringa-benefits-for-women-comprehensive-2026.html,"Moringa Benefits for Women: Hormones, Energy & Clear Skin (Everything You Need to Know)",False,87,True,False,11,False,False,Why Women Need Different Nutrition Than Men,True,43,True,True,8,False,False,14,False,False,"8 science-backed moringa benefits for women: hormone balance, iron, clear skin, hair, energy, pregnancy, bones & weight. Melbourne woman's 18-month story, dosage & FAQs (May 2026).",False,180,True,False,"Period pain, hormonal acne, exhaustion, hair loss — one Melbourne woman's honest moringa journey plus 8 benefits, dosage by life stage, and safety.",True,147,True,True,Moringa Benefits for Women (Australia 2026),True,43,True,False,"Moringa Benefits for Women: Hormones, Energy & Clear Skin (2026)",True,64,True,True,moringa-benefits-for-women-comprehensive-2026,True,45,True,True,Moringa Benefits for Women (Australia 2026),True,43,True,False,"8 benefits for women: hormones, iron, skin, hair, energy, pregnancy, bones, mood. Dosage, safety, smoothie recipe — Melbourne May 2026.",True,135,True,True,"Moringa Benefits for Women: Hormones, Energy & Clear Skin (2026)",True,64,True,True,1856,False,False
blog/moringa-capsules-vs-powder-which-is-better-2026.html,Moringa Capsules vs Powder: Which Is Better? (2026),True,51,True,True,11,False,False,On this page,False,12,True,False,6,False,False,15,False,False,"Moringa capsules vs powder: cost per serving, potency, freshness & convenience compared. Why powder wins for most Australians + when capsules make sense. 2026 guide.",False,165,True,False,"Moringa capsules vs powder: cost per serving, potency, freshness & convenience compared. Why powder wins for most Australians + when capsules make sense. 2026 guide.",True,165,True,True,Moringa Capsules vs Powder: Which Is Better? (2026 Comparison) | NutriThrive,True,76,True,True,Moringa Capsules vs Powder: Which Is Better? (2026),True,51,True,True,moringa-capsules-vs-powder-which-is-better-2026,True,47,True,True,Moringa Capsules vs Powder: Which Is Better? (2026 Comparison) | NutriThrive,False,76,True,False,"Moringa capsules vs powder: cost per serving, potency, freshness & convenience compared. Why powder wins for most Australians + when capsules make sense. 2026 guide.",False,165,True,False,Moringa Capsules vs Powder: Which Is Better? (2026 Comparison) | NutriThrive,False,76,True,False,1116,False,False
blog/moringa-melbourne-complete-growers-report-2026.html,Growing Moringa in Melbourne,True,28,True,False,16,False,False,All 25 Sources Used in This Report — Click Any to Visit,True,55,True,True,8,False,False,20,False,False,"Moringa leaves in Melbourne: can you grow them? Climate, soil, frost and local sourcing for Melbourne gardeners. NutriThrive, Melbourne — ships AU-wide.",True,152,True,True,"Moringa leaves in Melbourne: can you grow them? Complete grower's report covering climate, soil, frost protection and local sourcing for Melbourne gardeners. NutriThrive, Truganina (Melbourne) — ships AU-wide.",False,209,True,False,Moringa Leaves Melbourne | Grower's Report 2026,True,47,True,False,Moringa Leaves Melbourne | Grower's Report 2026,True,47,True,False,moringa-melbourne-complete-growers-report-2026,True,46,True,True,Moringa Leaves Melbourne | Grower's Report 2026,True,47,True,False,"Moringa leaves in Melbourne: can you grow them? Complete grower's report covering climate, soil, frost protection and local sourcing for Melbourne gardeners. NutriThrive, Truganina (Melbourne) — ships AU-wide.",False,209,True,False,Moringa Leaves Melbourne | Grower's Report 2026,True,47,True,False,5054,False,False
blog/moringa-melbourne-complete-guide-2026.html,Moringa Melbourne: Honest Guide + Safety Facts (2026),True,53,True,True,12,False,False,What Makes Melbourne's Moringa Market Different,True,47,True,True,4,False,False,11,False,False,"Real talk about moringa in Melbourne: safety issues others hide, where to buy it, who shouldn't use it, and whether Australian-grown is worth the premium.",True,154,True,True,"Real talk about moringa in Melbourne: safety issues others hide, where to buy it, drug interactions, multicultural uses, and whether Australian-grown is worth the premium.",True,171,True,True,Moringa Melbourne: Honest Guide + Safety Facts (2026),True,53,True,False,Moringa Melbourne: Honest Guide + Safety Facts (2026),True,53,True,True,moringa-melbourne-complete-guide-2026,True,37,True,False,Moringa Melbourne: Honest Guide + Safety Facts (2026),True,53,True,True,"Safety issues others hide, where to buy, drug interactions, multicultural uses, and whether Aussie-grown is worth it.",True,117,True,True,Moringa Melbourne: The honest 2026 guide,True,40,True,False,2773,False,False
blog/moringa-oil-benefits-skin-hair-health-2026.html,"Moringa Oil Benefits: Uses for Skin, Hair & Health (2026)",True,57,True,True,10,False,False,On this page,False,12,True,False,6,False,False,14,False,False,"Moringa oil benefits for skin & hair: oleic acid, vitamin E, how to use on face and scalp, oil vs leaf powder, where to buy in Australia & FAQ — 2026 guide.",True,156,True,False,"Moringa oil benefits for skin & hair: oleic acid, vitamin E, how to use on face and scalp, oil vs leaf powder, where to buy in Australia & FAQ — 2026 guide.",True,156,True,True,"Moringa Oil Benefits: Uses for Skin, Hair & Health (2026) | NutriThrive",True,71,True,True,"Moringa Oil Benefits: Uses for Skin, Hair & Health (2026)",True,57,True,True,moringa-oil-benefits-skin-hair-health-2026,True,42,True,True,"Moringa Oil Benefits: Uses for Skin, Hair & Health (2026) | NutriThrive",False,71,True,False,"Moringa oil benefits for skin & hair: oleic acid, vitamin E, how to use on face and scalp, oil vs leaf powder, where to buy in Australia & FAQ — 2026 guide.",False,156,True,False,"Moringa Oil Benefits: Uses for Skin, Hair & Health (2026) | NutriThrive",False,71,True,False,1226,False,False
blog/moringa-powder-victoria-seniors-joint-health.html,Moringa for Victorian Seniors,True,29,True,False,15,False,False,🔗 Explore More from Our Moringa Hub,True,35,True,True,6,False,False,23,False,False,"Moringa for Victorian seniors: joint comfort, safe use, and dosage context. Practical 2026 guide from NutriThrive, Truganina — ships Australia-wide.",True,148,True,True,"Struggling with stiff joints in the Melbourne chill? Discover how local Moringa powder supports mobility for Victorian seniors. Safety guide, dosage & local",True,156,True,True,Moringa Powder for Joint Relief: A Victorian Senior's Guide (2026),True,66,True,True,Moringa Powder for Joint Relief: A Victorian Senior's Guide (2026),True,66,True,True,moringa-powder-victoria-seniors-joint-health,True,44,True,True,"Moringa for Victorian Seniors | Joints 2026, Melbourne",True,54,True,True,"Struggling with stiff joints in the Melbourne chill? Discover how local Moringa powder supports mobility for Victorian seniors. Safety guide, dosage & local Truganina shipping included.",False,185,True,False,Moringa Powder for Joint Relief: A Victorian Senior's Guide (2026),True,66,True,True,3611,False,False
blog/moringa-quality-test-shade-dried-vs-retail-australia-2026.html,Moringa Quality Test: Shade-Dried vs Store-Bought,True,49,True,True,10,False,False,Table of Contents,True,17,True,False,1,True,True,12,False,False,"We tested 8 Australian moringa products side by side: colour, smell, texture, dissolution, and label honesty. The quality gap is bigger than most buyers expect.",True,160,True,False,"8 Australian moringa products tested side by side. Colour, smell, texture, dissolution, label transparency. The quality gap is real — here's the evidence.",True,154,True,True,Moringa Quality Test 2026: Shade-Dried vs Retail Brands (What We Found),True,71,True,True,Moringa Quality Test 2026: Shade-Dried vs Retail Brands (What We Found),True,71,True,True,moringa-quality-test-shade-dried-vs-retail-australia-2026,True,57,True,True,Moringa Quality Test: Shade-Dried vs Store-Bought,True,49,True,False,8 Australian moringa products tested. The results were more variable than expected.,True,83,True,False,Moringa Quality Test 2026: Shade-Dried vs Retail,True,48,True,False,1925,False,False
blog/moringa-side-effects-what-happens-take-too-much-2026.html,Moringa Side Effects: What Happens If You Take Too Much? (2026),True,63,True,True,11,False,False,On this page,False,12,True,False,6,False,False,23,False,False,"Side effects of moringa powder: digestive upset, nausea, loose stools & more. Are they serious? Who should avoid it, how to prevent issues, safety research — Australia 2026.",False,173,True,False,"Side effects of moringa powder: digestive upset, nausea, loose stools & more. Are they serious? Who should avoid it, how to prevent issues, safety research — Australia 2026.",True,173,True,True,Moringa Side Effects: What Happens If You Take Too Much? (2026) | NutriThrive,True,77,True,True,Moringa Side Effects: What Happens If You Take Too Much? (2026),True,63,True,True,moringa-side-effects-what-happens-take-too-much-2026,True,52,True,True,Moringa Side Effects: What Happens If You Take Too Much? (2026) | NutriThrive,False,77,True,False,"Side effects of moringa powder: digestive upset, nausea, loose stools & more. Are they serious? Who should avoid it, how to prevent issues, safety research — Australia 2026.",False,173,True,False,Moringa Side Effects: What Happens If You Take Too Much? (2026) | NutriThrive,False,77,True,False,1410,False,False
blog/moringa-tea-benefits-how-to-brew-2026-guide.html,Moringa Tea Benefits: How to Brew Moringa Tea (2026),True,52,True,True,10,False,False,On this page,False,12,True,False,6,False,False,17,False,False,"Moringa tea benefits: antioxidants, caffeine-free energy, digestion support. How to make moringa tea from powder, taste tips, hot vs iced & FAQ — Australia 2026.",False,161,True,False,"Moringa tea benefits: antioxidants, caffeine-free energy, digestion support. How to make moringa tea from powder, taste tips, hot vs iced & FAQ — Australia 2026.",True,161,True,True,Moringa Tea Benefits: How to Brew Moringa Tea (2026 Guide) | NutriThrive,True,72,True,True,Moringa Tea Benefits: How to Brew Moringa Tea (2026),True,52,True,True,moringa-tea-benefits-how-to-brew-2026-guide,True,43,True,True,Moringa Tea Benefits: How to Brew Moringa Tea (2026 Guide) | NutriThrive,False,72,True,False,"Moringa tea benefits: antioxidants, caffeine-free energy, digestion support. How to make moringa tea from powder, taste tips, hot vs iced & FAQ — Australia 2026.",False,161,True,False,Moringa Tea Benefits: How to Brew Moringa Tea (2026 Guide) | NutriThrive,False,72,True,False,1207,False,False
blog/moringa-vs-coffee-melbourne-energy-hack.html,"The $7 Latte Is Over: Why Melbourne Is Switching to This ""Green Gold"" Energy Hack (2026 Guide)",False,94,True,False,24,False,False,Quick Summary (For Busy People),True,31,True,True,8,False,False,25,False,False,"Coffee prices hit $7 in Melbourne. Discover why Melbournians switch to moringa — caffeine-free, saves $2K/year, fixes cortisol. NutriThrive, Melbourne.",True,151,True,True,"Coffee hits $7 in Melbourne. Why locals try moringa for caffeine-free energy, calmer cortisol, and real savings. NutriThrive, Melbourne.",True,136,True,True,The $7 Latte Is Over: Why Melbourne Switches to Moringa (2026),True,62,True,True,The $7 Latte Is Over: Why Melbourne Is Switching to This &quot;Green Gold&quot; Energy Hack (2026 Guide),True,104,True,False,moringa-vs-coffee-melbourne-energy-hack,True,39,True,False,Moringa vs Coffee: Melbourne Energy Guide 2026 | NutriThrive,True,60,True,True,"Coffee hits $7 in Melbourne. Why locals try moringa for caffeine-free energy, calmer cortisol, and savings. NutriThrive, Melbourne.",True,131,True,True,The $7 Latte Is Over: Why Melbourne Switches to Moringa (2026),True,62,True,True,5090,False,False
blog/moringa-vs-spirulina-vs-matcha-comparison-australia.html,Moringa vs Spirulina vs Matcha (Australia 2026),True,47,True,True,14,False,False,📋 This Guide Has 3 Main Parts,True,29,True,True,10,False,False,2,False,False,"Compare moringa, spirulina, and matcha: nutrition, energy benefits, taste, price. Which green superfood is best for YOU? Science-backed Australian guide 2026.",True,158,True,False,"Compare moringa, spirulina, and matcha: nutrition, energy benefits, taste, price. Which green superfood is best for YOU? Science-backed Australian guide 2026.",True,158,True,True,Moringa vs Spirulina vs Matcha (Australia 2026),True,47,True,False,Moringa vs Spirulina vs Matcha AU 2026 | Full Comparison,True,56,True,True,moringa-vs-spirulina-vs-matcha-comparison-australia,True,51,True,True,Moringa vs Spirulina vs Matcha (Australia 2026),True,47,True,False,"Three of Australia's most popular superfoods compared head to head. Nutrition data, taste, cost per serve, and which one is actually worth buying. 2026 guide.",False,158,True,False,Moringa vs spirulina vs matcha — which superfood wins in Australia?,True,67,True,True,3776,False,False
blog/nutrithrive-dried-curry-leaves-tradition-health.html,Natural Curry Leaves Australia: NutriThrive Farm Story & Premium Sourcing,False,73,True,False,10,False,False,Cook this week: five-ingredient curry leaf tadka,True,48,True,True,7,False,False,15,False,False,"Dried curry leaves: South Asian tradition, everyday cooking uses, and what to expect from shade-dried leaves packed in Melbourne (2026).",True,136,True,False,"Shade-dried leaves, how we pack them in Melbourne, and practical ways to use curry leaves in tadka, soups, and rice—without overclaiming on health.",True,147,True,True,Natural Curry Leaves Australia: Farm Story & Premium Sourcing (2026),True,68,True,True,Natural Curry Leaves Australia: NutriThrive Farm Story & Premium Sourcing,True,73,True,True,nutrithrive-dried-curry-leaves-tradition-health,True,47,True,True,Dried Curry Leaves: Health Benefits & Uses 2026,True,47,True,False,"Shade-dried curry leaves, Melbourne packing, and simple tadka and rice ideas.",True,77,True,False,Curry leaves: tradition & kitchen use (2026),True,44,True,False,2448,False,False
blog/quit-sugar-90-days-honest-diary-melbourne-2026.html,I Quit Sugar for 90 Days: Honest Diary (Including the Tim Tam Meltdown) (2026),False,78,True,False,14,False,False,"Okay, This Is Gonna Be Brutally Honest",True,38,True,True,7,False,False,12,False,False,"90-day no-sugar diary from Melbourne — cravings, Tim Tam relapse and what helped energy without a perfect diet. Moringa as one daily habit, not a miracle cure.",True,159,True,False,"Days 3-7 are hell. Week 4 cravings vanish. Full 90-day diary: rules, timeline, hidden sugars, moringa smoothie, FAQs — lost 8.1kg.",True,130,True,True,I Quit Sugar for 90 Days: My Honest Diary (Melbourne 2026),True,58,True,False,I Quit Sugar for 90 Days: Honest Diary (Including the Tim Tam Meltdown) (2026),True,78,True,True,quit-sugar-90-days-honest-diary-melbourne-2026,True,46,True,True,I Quit Sugar for 90 Days: Honest Diary (Including the Tim Tam Meltdown) (2026),False,78,True,False,"Unfiltered 90-day sugar quit diary from Melbourne: Tim Tam tears, hell week, 8.1kg lost, moringa habit, hidden sugars.",True,118,True,True,I Quit Sugar for 90 Days: Honest Diary (2026),True,45,True,False,1341,False,False
blog/science-shade-drying-vs-sun-drying-moringa.html,Shade- vs Sun-Dried Moringa: Colour & Quality Guide (2026),True,58,True,True,10,False,False,What usually goes wrong with aggressive sun-drying,True,50,True,True,2,True,True,11,False,False,"Shade- vs sun-dried moringa: what colour and aroma suggest about heat damage, and practical signals for better leaf powder in Australia (2026).",True,143,True,True,"Chlorophyll cues, heat vs UV, and what to look for in powder before you buy—science-minded, not magic claims.",True,109,True,True,Shade-Dried vs Sun-Dried Moringa: What the Colour Tells You (2026),True,66,True,True,Shade-Dried vs Sun-Dried Moringa: What the Colour Actually Tells You,True,68,True,True,science-shade-drying-vs-sun-drying-moringa,True,42,True,True,Shade- vs Sun-Dried Moringa: Colour & Quality Guide (2026),True,58,True,True,"Read the colour: heat, UV, and what",False,35,True,False,Shade vs sun moringa (2026),True,27,True,False,1738,False,False
blog/verify-moringa-quality-premium-buyers-checklist-2026.html,How to Verify Moringa Quality: 8-Point Premium Buyer's Checklist (2026),False,71,True,False,13,False,False,Why this checklist exists,True,25,True,True,1,True,True,16,False,False,"Don't buy moringa on brand trust alone. Use this 8-point checklist to verify quality before you spend a cent — lab reports, colour, smell, solubility and more.",True,159,True,False,"Don't buy moringa on brand trust alone. Use this 8-point checklist to verify quality before you spend a cent — lab reports, colour, smell, solubility and more.",True,159,True,True,How to Verify Moringa Quality: 8-Point Premium Buyer's Checklist (2026),True,71,True,True,How to Verify Moringa Quality: 8-Point Premium Buyer's Checklist (2026),True,71,True,True,verify-moringa-quality-premium-buyers-checklist-2026,True,52,True,True,How to Verify Moringa Quality: 8-Point Premium Buyer's Checklist (2026),False,71,True,False,Don't buy moringa on brand trust alone. Use this 8-point checklist to verify quality before you spend a cent.,True,109,True,True,How to Verify Moringa Quality: 8-Point Premium Buyer's Checklist (2026),False,71,True,False,2063,False,False
blog/what-does-moringa-do-for-your-body-complete-guide-2026.html,What Does Moringa Do For Your Body? (Complete Guide 2026),True,57,True,True,10,False,False,On this page,False,12,True,False,10,False,False,20,False,False,"What does moringa do for your body? Energy, immunity, skin, hormones, bones & more. 10 body systems, timeline for results, science summary & who benefits most — Australia 2026.",False,176,True,False,"What does moringa do for your body? Energy, immunity, skin, hormones, bones & more. 10 body systems, timeline for results, science summary & who benefits most — Australia 2026.",True,176,True,True,What Does Moringa Do For Your Body? Complete Guide (2026) | NutriThrive,True,71,True,True,What Does Moringa Do For Your Body? (Complete Guide 2026),True,57,True,True,what-does-moringa-do-for-your-body-complete-guide-2026,True,54,True,True,What Does Moringa Do For Your Body? Complete Guide (2026) | NutriThrive,False,71,True,False,"What does moringa do for your body? Energy, immunity, skin, hormones, bones & more. 10 body systems, timeline for results, science summary & who benefits most — Australia 2026.",False,176,True,False,What Does Moringa Do For Your Body? Complete Guide (2026) | NutriThrive,False,71,True,False,1332,False,False
blog/what-to-eat-when-too-tired-melbourne-2026.html,What to Eat When You're So Tired You Can't Even Think (Melbourne Guide),False,71,True,False,12,False,False,6:47pm on a Tuesday. You're Home. You're Done.,True,46,True,True,6,False,False,12,False,False,"Home from work and too tired to cook? Foods that help vs crash you harder — instant meals, Melbourne shops, moringa, and a 7-day emergency meal plan.",True,149,True,True,"3 years of exhaustion, normal bloods, doctors who shrugged — then iron, sleep, food, stress, and moringa. A 30-day plan and red flags to watch.",True,143,True,True,What to Eat When You're So Tired You Can't Even Think (Melbourne Guide),True,71,True,True,What to Eat When You're So Tired You Can't Even Think (Melbourne Guide),True,71,True,True,what-to-eat-when-too-tired-melbourne-2026,True,41,True,True,What to Eat When You're So Tired You Can't Even Think (Melbourne Guide),False,71,True,False,"Real talk guide for exhausted Melbourne workers: 2-minute snacks, 10-minute dinners, what not to eat, and how moringa helped my energy.",True,135,True,True,What to Eat When You're So Tired You Can't Even Think (Melbourne Guide),False,71,True,False,1078,False,False
blog/where-to-buy-moringa-in-australia-online-vs-stores-2026-guide.html,Where to Buy Moringa Australia 2026,True,35,True,False,17,False,False,Quick Summary: where to buy moringa in australia,True,48,True,True,6,False,False,15,False,False,"Where to buy moringa in Australia: online vs stores. Quality signals, delivery and price comparison for Aussies. NutriThrive, Melbourne — ships AU-wide.",True,152,True,True,"Where to buy moringa in Australia: online vs stores. Quality signals, delivery and price comparison for Aussies. NutriThrive, Melbourne — ships AU-wide.",True,152,True,True,Where to Buy Moringa in Australia: Online vs Stores (2026 Guide),True,64,True,True,Where to Buy Moringa in Australia: Online vs Stores (2026 Guide),True,64,True,True,where-to-buy-moringa-in-australia-online-vs-stores-2026-guide,True,61,True,True,Where to Buy Moringa Australia 2026 | Online vs Stores,True,54,True,True,"Where to buy moringa in Australia: online vs stores. Quality signals, delivery and price comparison for Aussies. NutriThrive, Melbourne — ships AU-wide.",False,152,True,False,Where to Buy Moringa in Australia: Online vs Stores (2026 Guide),True,64,True,True,2222,False,False
blog/why-i-built-nutrithrive-moringa-real-story-finest-moringa-powder.html,"Why I Build NutriThrive: A Melbourne Moringa Story, Told Plainly",True,64,True,True,10,False,False,The problem that nobody in Australian health retail wants to talk about,False,71,True,False,0,True,False,20,False,False,"Melbourne: moringa leaf powder—shade-dried, fine grind. Not resold import in a new bag. For Australian buyers in 2026, here is the honest backstory.",True,148,True,True,"Melbourne: moringa leaf powder—shade-dried, fine grind. Not resold import in a new bag. For Australian buyers in 2026, here is the honest backstory.",True,148,True,True,"Why I Build NutriThrive: Melbourne Moringa, Made Properly",True,57,True,False,"Why I Build NutriThrive: Melbourne Moringa, Made Properly",True,57,True,True,why-i-built-nutrithrive-moringa-real-story-finest-moringa-powder,True,64,True,True,"Why I Build NutriThrive: Melbourne Moringa, Made Properly",True,57,True,True,"Melbourne: moringa leaf powder—shade-dried, fine grind. Not resold import in a new bag. For Australian buyers in 2026, here is the honest backstory.",True,148,True,True,"Why I Build NutriThrive: Melbourne Moringa, Made Properly",True,57,True,False,2133,False,False
blog/why-premium-moringa-costs-11-not-25-value-vs-markup-2026.html,"Why Real Premium Moringa Costs $11, Not $25",True,43,True,True,8,False,False,"The ""premium price"" myth in the supplement industry",True,51,True,True,4,False,False,12,False,False,Chemist Warehouse charges $25/100g for moringa. We charge $11. Are we worse quality? No — and the lab data proves it. Here's what you're actually paying for.,True,157,True,False,Chemist Warehouse charges $25/100g for moringa. We charge $11. Are we worse quality? No — and the lab data proves it. Here's what you're actually paying for.,True,157,True,True,"Why Real Premium Moringa Costs $11, Not $25 | NutriThrive Australia",True,67,True,True,"Why Real Premium Moringa Costs $11, Not $25",True,43,True,False,why-premium-moringa-costs-11-not-25-value-vs-markup-2026,True,56,True,True,"Why Real Premium Moringa Costs $11, Not $25 | NutriThrive Australia",False,67,True,False,Chemist Warehouse charges $25/100g for moringa. We charge $11. Are we worse quality? No — and the lab data proves it.,True,117,True,True,"Why Real Premium Moringa Costs $11, Not $25 | NutriThrive Australia",True,67,True,True,1554,False,False
