URL,Title,Target Keyword,Word Count,Published Date (est.),Last Updated,Internal Links,Quality Score (1-10),Google Ranking,Monthly Traffic,Status,Priority,Action Items,Flag: >6 Months Old,Flag: <5 Internal Links,Flag: No FAQ,Flag: Weak Meta Desc
NOTE: Fill Google Ranking and Monthly Traffic columns from Google Search Console.,,,,,,,,,,,,,,,
/blog/moringa-vs-coffee-melbourne-energy-hack.html,Moringa vs Coffee: Melbourne Energy Guide 2026 | NutriThrive,moringa vs coffee melbourne,7875,2024-06-01,2026-01-01,27,10,,,Excellent,Maintain,"Keep pricing current; add video schema if video created; top-performing post",YES,,,
/blog/moringa-vs-spirulina-vs-matcha-comparison-australia.html,Moringa vs Spirulina vs Matcha AU 2026 | Full Comparison,moringa vs spirulina vs matcha australia,6675,2024-09-01,2026-01-01,16,10,,,Excellent,Maintain,"Fix meta description (116 chars — too short); add Last Updated date to page content",YES,,,YES
/blog/moringa-brands-comparison-australia-2026.html,Best Moringa Powder Australia 2026 | Brands Ranked,best moringa powder australia,8778,2024-06-01,2026-01-01,26,10,,,Excellent,Maintain,"Fix meta description (106 chars — too short); verify pricing is current",YES,,,YES
/blog/moringa-powder-victoria-seniors-joint-health.html,Moringa for Victorian Seniors | Joints 2026 Melbourne,moringa for seniors victoria,6084,2024-09-01,2026-01-01,19,10,,,Excellent,Maintain,"Add Last Updated date to page; verify product links are active",YES,,,
/blog/natural-heavy-metal-detox-moringa-cleanse-body.html,Heavy Metal Detox & Moringa | What Science Says AU,moringa heavy metal detox australia,4504,2024-06-01,2026-01-01,23,10,,,Excellent,Maintain,"Old file — add Last Updated date to content body; verify citations are current",YES,,,
/blog/nutrithrive-delivers-across-victoria-is-your-town-eligible-hint-yes.html,NutriThrive Delivery Across Victoria | AU Guide,nutrithrive delivery victoria,4496,2024-09-01,2026-01-01,19,10,,,Excellent,Maintain,"Update shipping timeframes and free-shipping threshold if changed",YES,,,
/blog/best-superfoods-australia-comparison-health-conscious-adults.html,Australia 2026 Top Superfoods: 10 Picks for Busy Adults,best superfoods australia 2026,5715,2024-06-01,2026-01-01,12,9,,,Excellent,Maintain,"Add comparison table with schema markup; increase internal links from 12 to 15+",YES,,,
/blog/moringa-melbourne-complete-guide-2026.html,Moringa Melbourne: Honest Guide + Safety Facts (2026),moringa melbourne guide,5977,2025-08-01,2026-04-01,10,9,,,Excellent,Maintain,"Fix meta description (183 chars — too long); add more internal links",,,, YES
/blog/moringa-powder-complete-buyers-guide-australia-2026.html,Moringa Powder Australia: Complete 2026 Buyer's Guide (Brands Ranked),moringa powder buyers guide australia,2596,2026-04-28,2026-04-28,17,9,,,Good,Low,"NEW (Apr 2026) — monitor performance; shorten meta description (165 chars — over limit)",,,,YES
/blog/moringa-powder-guide-benefits-how-to-use-daily-where-to-buy-australia-2026.html,Moringa Powder Australia 2026: Buy Dose & Quality Guide,moringa powder australia buy,2922,2025-06-01,2026-01-01,27,9,,,Excellent,Maintain,"Strong post — consider adding HowTo or ItemList schema",,,,
/blog/where-to-buy-moringa-in-australia-online-vs-stores-2026-guide.html,Where to Buy Moringa Australia 2026 | Online vs Stores,where to buy moringa australia,3005,2025-06-01,2026-01-01,18,9,,,Excellent,Maintain,"High-intent commercial keyword; keep pricing and availability current",,,,
/blog/affordable-superfoods-organic-tax-marketplace-wellness-vic-nsw-qld-2026.html,Affordable Moringa 2026: Beat Organic Tax in Australia,affordable superfoods australia 2026,2969,2025-12-01,2026-02-01,15,8,,,Good,Low,"Add price comparison table; maintain freshness for 2026 competitive pricing",,,,
/blog/growing-moringa-australia-honest-frost-pots-2026.html,Growing Moringa in Australia: Frost Pots & Harvest Guide (2026),growing moringa australia,5009,2025-10-01,2026-01-01,5,8,,,Good,Medium,"Add 5+ more internal links to Melbourne growers report and buying guide; borderline link count",,,,
/blog/gut-health-meal-plan-australia-7-day-guide-2026.html,Gut Health Meal Plan Australia: 7-Day Guide + Free Shopping List (2026),gut health meal plan australia,5578,2025-08-01,2026-01-01,9,8,,,Good,Low,"Fix meta description (168 chars — too long); add 5+ more internal links to superfood posts",,,, YES
/blog/high-protein-moringa-recipes-australia-2026.html,10 High-Protein Moringa Recipes: Australia 2026 (Tested),high protein moringa recipes australia,3564,2025-08-01,2026-04-28,15,8,,,Good,Low,"Full rewrite done Apr 2026 — monitor ranking improvement; fix meta description (167 chars — too long)",,,,YES
/blog/honest-australians-guide-moringa-powder-2026.html,The Honest Australian's Guide to Moringa Powder (2026),moringa powder honest guide australia,2666,2025-08-01,2026-01-01,10,8,,,Good,Low,"Solid post; add specific claims with cited research; add 3 more internal links",,,,
/blog/how-to-add-moringa-to-diet.html,How to Add Moringa to Your Diet: Recipes & Daily Habits (2026),how to add moringa to diet,7771,2024-03-01,2026-01-01,23,8,,,Good,High,"CRITICAL: 7771 words with NO FAQ — add 5-item FAQ section + FAQPage schema immediately",YES,,YES,
/blog/melbourne-body-burden-report-2026.html,Melbourne Body Burden 2026: What the City Steals First,melbourne city stress nutrition,4214,2025-10-01,2026-01-01,9,8,,,Good,Low,"Add more internal links to moringa-calm-mind and stress posts; cross-link to gut health plan",,,,
/blog/moringa-calm-mind-stress-brain-fog-cortisol-science-2026.html,Moringa for Stress & Brain Fog | Science Guide AU 2026,moringa stress brain fog australia,5766,2025-10-01,2026-01-01,9,8,,,Good,Low,"High-value post — add more internal links; increase from 9 to 12+",,,,
/blog/moringa-melbourne-complete-growers-report-2026.html,Moringa Leaves Melbourne | Grower's Report 2026,grow moringa melbourne,6777,2025-10-01,2026-04-28,8,8,,,Good,Low,"Add internal links to growing guide and moringa melbourne guide; increase from 8 to 12+",,,,
/blog/plant-based-functional-foods-australia-wellness-nutrithrive-2026.html,Top 5 Australian Plant Superfoods (2026 List) | NutriThrive,plant based functional foods australia,4869,2025-08-01,2026-01-01,22,8,,,Good,Medium,"Add FAQ section + FAQPage schema (4869 words with no FAQ is a missed SEO opportunity)",,,YES,
/blog/30-day-moringa-experiment-replaced-supplements-journal-2026.html,30-Day Moringa Experiment: I Dropped My Supplements (Honest Journal),moringa experiment supplements journal,2665,2026-04-28,2026-04-28,14,7,,,Good,Low,"NEW (Apr 2026) — add BreadcrumbList schema; shorten meta description (163 chars — too long)",,,,YES
/blog/does-moringa-have-caffeine-truth-about-energy-focus-side-effects-2026.html,Does Moringa Have Caffeine? Energy Focus & Side Effects (2026),does moringa have caffeine,1697,2025-08-01,2026-01-01,15,7,,,Good,Medium,"Expand to 2500+ words — this is a high-volume search query deserving a longer answer",,,,
/blog/dried-curry-leaves-australia-uses-storage-health-benefits-cooking-guide-2026.html,Dried Curry Leaves Australia: Uses Storage & Benefits (2026),dried curry leaves australia,2783,2025-12-01,2026-01-01,9,7,,,Good,Low,"Add more recipe cards; link to curry leaves tradition post for cluster depth",,,,
/blog/how-to-read-moringa-batch-codes-freshness.html,Read Moringa Batch Codes & Check Freshness (Australia 2026),moringa batch codes freshness australia,1562,2024-09-01,2026-01-01,11,7,,,Good,Low,"Old file — expand to 2000+ words; add visual guide section for batch label types",YES,,,
/blog/melbourne-food-as-medicine-map-cafes-organic-stores-healthspan-eating-2026.html,Melbourne Food-as-Medicine Map 2026 | Cafes & Stores,food as medicine melbourne 2026,2577,2025-10-01,2026-01-01,8,7,,,Good,Low,"Update café/store listings quarterly; add interactive map element or embedded iframe",,,,
/blog/moringa-quality-test-shade-dried-vs-retail-australia-2026.html,Moringa Quality Test 2026: Shade-Dried vs Retail Brands (What We Found),moringa quality test australia,2488,2026-04-28,2026-04-28,12,6,,,Good,Low,"NEW (Apr 2026) — shorten meta description (182 chars — too long); add BreadcrumbList schema",,,,YES
/blog/nutrithrive-dried-curry-leaves-tradition-health.html,Natural Curry Leaves Australia: Farm Story (2026) | NutriThrive,dried curry leaves tradition australia,5233,2024-06-01,2026-01-01,15,7,,,Needs Update,High,"5233 words with NO FAQ — add 5-item FAQ section + FAQPage schema; update to add 2026 date",YES,,YES,
/blog/rosabella-moringa-reviews-legit-or-overhyped-2026.html,Moringa Capsules vs Powder: Which Format Actually Works? (Australia 2026),moringa capsules vs powder australia,2275,2025-08-01,2026-01-01,10,7,,,Needs Rewrite,High,"CRITICAL: URL slug says rosabella-reviews but content is capsules-vs-powder — either (1) rewrite as actual Rosabella brand review OR (2) 301 redirect to moringa-powder-vs-capsules and consolidate; fix meta description (195 chars)",,,,YES
/blog/science-shade-drying-vs-sun-drying-moringa.html,Shade- vs Sun-Dried Moringa: Colour & Quality Guide (2026),shade dried vs sun dried moringa,2106,2024-06-01,2026-04-28,9,6,,,Good,Medium,"Old file recently updated — expand to 2500+ words; add before/after photo comparison section",YES,,,
/blog/10-dollar-superfood-replaced-200-supplement-stack-australia-2026.html,$10 Moringa Habit vs $200 Supplements: Australia 2026,moringa vs supplements australia,1892,2025-10-01,2026-01-01,13,7,,,Good,Low,"Expand to 2500+ words; add cost comparison table with itemised breakdown",,,,
/blog/30-day-moringa-coffee-reset-australia-guide-2026.html,30-Day Moringa Coffee Reset | Australia How-To 2026,moringa coffee reset australia,2104,2026-01-01,2026-01-01,6,6,,,Needs Update,Medium,"Add weekly log format; more internal links; expand protocol details to 3000+ words",,,,
/blog/best-clean-protein-powders-moringa-products-australia-2026.html,Clean Protein and Moringa: Australia 2026 Label Guide,clean protein powder australia moringa,1359,2025-10-01,2026-01-01,12,6,,,Needs Update,Medium,"Very thin (1359 words) — expand to 2000+ words; add actual product label comparisons",,,,
/blog/best-gyms-melbourne-cbd-2026-complete-comparison-guide.html,Why Melbourne CBD Workers Are Still Tired After Training (2026),gym recovery nutrition melbourne,1899,2026-01-01,2026-01-01,9,6,,,Needs Update,Low,"Title/slug mismatch (slug: best-gyms vs title: tired after training); fix meta description (183 chars — too long); clarify moringa recovery angle",,,, YES
/blog/buy-moringa-powder-melbourne-victoria-chinese-guide.html,2026维州买辣木粉：墨尔本配送与选购要点,澳洲辣木粉墨尔本购买,2076,2024-09-01,2026-01-01,24,6,,,Needs Update,Medium,"Add Chinese FAQ section + FAQPage schema; old file — refresh content for 2026",YES,,YES,
/blog/healthy-snack-melbourne-why-everyone-switching-to-moringa-2026.html,Healthy Snacks in Melbourne: Moringa and the 2026 Energy Shift,healthy snacks melbourne moringa,1920,2026-01-01,2026-01-01,7,6,,,Needs Update,Medium,"Expand to 2500+ words; add snack recipe cards; increase internal links",,,,
/blog/how-to-use-moringa-powder-daily-without-the-bad-taste-2026.html,Use Moringa Powder Daily: Mask the Bitter Taste (Australia 2026),how to use moringa powder daily taste,1461,2026-01-01,2026-01-01,6,5,,,Needs Update,High,"Very thin (1461 words) on a high-intent keyword — expand to 2500+ words; add taste-pairing recipes and starter protocol",,,,
/blog/is-moringa-legit-what-science-and-real-users-say-2026.html,Is Moringa Legit? Science and Hype in Australia (2026),is moringa legit australia,1454,2025-08-01,2026-01-01,9,5,,,Needs Update,High,"Very thin (1454 words) on a top-funnel keyword — expand to 3000+ words with citations table and before/after user reports",,,,
/blog/moringa-brands-comparison-australia-chinese-review.html,澳洲辣木粉避坑指南 2026 | NutriThrive vs Rosabella,澳洲辣木粉品牌对比,2405,2024-09-01,2026-01-01,14,5,,,Needs Update,Medium,"Add Chinese FAQ section + FAQPage schema (currently has schema but no FAQ)",YES,,YES,
/blog/moringa-chemist-warehouse-vs-nutrithrive-quality-test-2025.html,Moringa: Chemist Warehouse vs NutriThrive | Quality Test (2026),moringa chemist warehouse australia,2174,2025-01-01,2026-04-28,5,6,,,Needs Update,High,"IMPORTANT: URL contains 2025 in slug — plan 301 redirect to new URL; currently only 5 internal links — add more contextual links",,,,
/blog/moringa-powder-vs-capsules-which-one-actually-works-better-2026.html,Moringa Powder vs Capsules AU 2026 | Which Works Better,moringa powder vs capsules,1670,2025-08-01,2026-01-01,7,6,,,Needs Update,High,"Thin (1670 words) on a competitive keyword — expand to 3000+ words; note: rosabella-reviews file duplicates this topic — consolidate",,,,
/blog/musashi-protein-powder-australia-comprehensive-guide-2026.html,Protein Powder vs Moringa: What Each One Actually Does (Australia 2026),protein powder moringa australia,2016,2025-10-01,2026-01-01,9,6,,,Needs Update,Medium,"Title/slug mismatch (Musashi in slug); expand content; fix meta description (167 chars — too long)",,,,YES
/blog/smart-moringa-daily-intake-australia-visual-guide-2026.html,Moringa Dose Australia 2026 | Visual Safe-Use Guide AU,moringa daily dose australia,2133,2025-10-01,2026-01-01,11,5,,,Needs Update,High,"Add FAQ section + FAQPage schema; add visual dosage chart (currently only 2 schemas)",,, YES,
/blog/why-i-built-nutrithrive-moringa-real-story-finest-moringa-powder.html,Why I Build NutriThrive: Melbourne Moringa Made Properly,nutrithrive moringa brand story,2465,2024-06-01,2026-04-28,2,3,,,Needs Rewrite,High,"CRITICAL brand trust page — only 2 internal links; no FAQ; add 10+ contextual links throughout; add FAQ section + FAQPage schema",YES,YES,YES,
