URL,Type,Redirects To
https://nutrithrive.com.au/blog/10-dollar-superfood-replaced-200-supplement-stack-australia-2025.html,Current Blog,
https://nutrithrive.com.au/blog/10-healthiest-foods-world-complete-guide-australia-2025.html,Current Blog,
https://nutrithrive.com.au/blog/15-healthy-breakfast-meals-australians-love-2025.html,Current Blog,
https://nutrithrive.com.au/blog/3-instagram-worthy-moringa-smoothie-bowls-recipes.html,Current Blog,
https://nutrithrive.com.au/blog/7x-vitamin-c-boost-immunity-moringa-powder.html,Current Blog,
https://nutrithrive.com.au/blog/adaptogenic-superfoods-stress-relief-australia-2025.html,Current Blog,
https://nutrithrive.com.au/blog/adrenal-cocktail-recipe-moringa-cortisol-2025.html,Current Blog,
https://nutrithrive.com.au/blog/affordable-food-budget-eating-family-australia-complete-guide-2025.html,Current Blog,
https://nutrithrive.com.au/blog/best-clean-protein-powder-australia-2025-lab-tested-reviews-comparison-expert-buyers-guide.html,Current Blog,
https://nutrithrive.com.au/blog/best-clean-protein-powders-moringa-products-australia-2025.html,Current Blog,
https://nutrithrive.com.au/blog/best-foods-for-weight-loss-australian-dietitian-guide-2025.html,Current Blog,
https://nutrithrive.com.au/blog/best-moringa-powder-australia-2025-how-to-choose-top-superfoods-compare-brands-boost-wellness.html,Current Blog,
https://nutrithrive.com.au/blog/best-moringa-powder-australia-2025.html,Current Blog,
https://nutrithrive.com.au/blog/best-moringa-powder-australia-ultimate-buyers-guide-2025.html,Current Blog,
https://nutrithrive.com.au/blog/best-protein-powder-australia-2025-complete-guide.html,Current Blog,
https://nutrithrive.com.au/blog/best-protein-powder-australia.html,Current Blog,
https://nutrithrive.com.au/blog/best-superfoods-australia-comparison-health-conscious-adults.html,Current Blog,
https://nutrithrive.com.au/blog/best-superfoods-immunity-australia-2025.html,Current Blog,
https://nutrithrive.com.au/blog/best-time-to-take-moringa-morning-night-expert-guide.html,Current Blog,
https://nutrithrive.com.au/blog/black-tea-health-benefits-melbourne-guide-2025.html,Current Blog,
https://nutrithrive.com.au/blog/black-tea-health-benefits-melbourne-guide.html,Current Blog,
https://nutrithrive.com.au/blog/black-tea-health-benefits-melbourne-premium-darjeeling-assam-guide-2025.html,Current Blog,
https://nutrithrive.com.au/blog/calcium-supplements-complete-guide-australia-2025.html,Current Blog,
https://nutrithrive.com.au/blog/can-dogs-eat-moringa-benefits-pets-coat-joints.html,Current Blog,
https://nutrithrive.com.au/blog/chia-seeds-nutritional-information-health-benefits-complete-guide-2025.html,Current Blog,
https://nutrithrive.com.au/blog/clear-skin-anti-aging-moringa-beauty-superfood.html,Current Blog,
https://nutrithrive.com.au/blog/complete-guide-to-moringa-powder-australia.html,Current Blog,
https://nutrithrive.com.au/blog/complete-vegan-protein-moringa-plant-based-eaters.html,Current Blog,
https://nutrithrive.com.au/blog/complete-vegan-protein-plant-based-eaters-moringa.html,Current Blog,
https://nutrithrive.com.au/blog/curry-leaves-australia-complete-guide-2025.html,Current Blog,
https://nutrithrive.com.au/blog/curry-leaves-health-benefits-science-research-australia-2025.html,Current Blog,
https://nutrithrive.com.au/blog/darjeeling-black-tea-melbourne-muscatel-marvel.html,Current Blog,
https://nutrithrive.com.au/blog/dried-curry-leaf-hair-oil-recipe.html,Current Blog,
https://nutrithrive.com.au/blog/dried-curry-leaf-powder-recipe-hair-growth.html,Current Blog,
https://nutrithrive.com.au/blog/dried-curry-leaves-cooking-tips-melbourne.html,Current Blog,
https://nutrithrive.com.au/blog/dried-curry-leaves-culinary-uses-storage-benefits-complete-guide.html,Current Blog,
https://nutrithrive.com.au/blog/dried-curry-leaves-karipatta-benefits-melbourne-guide.html,Current Blog,
https://nutrithrive.com.au/blog/dried-curry-leaves-melbourne-buy-online-health-benefits-recipes-2025.html,Current Blog,
https://nutrithrive.com.au/blog/dried-curry-leaves-melbourne-premium-buyers-guide-benefits-recipes-free-delivery-2025.html,Current Blog,
https://nutrithrive.com.au/blog/dried-curry-leaves-uses-benefits-how-to-cook-melbourne-2025.html,Current Blog,
https://nutrithrive.com.au/blog/edible-beauty-summer-glow-moringa-2025.html,Current Blog,
https://nutrithrive.com.au/blog/edible-skincare-viral-trend-summer-2025.html,Current Blog,
https://nutrithrive.com.au/blog/everything-about-moringa-2025-faq.html,Current Blog,
https://nutrithrive.com.au/blog/fresh-vs-dried-curry-leaves-melbourne-complete-guide.html,Current Blog,
https://nutrithrive.com.au/blog/fresh-vs-dried-curry-leaves-substitute-guide.html,Current Blog,
https://nutrithrive.com.au/blog/grow-moringa-tree-australia.html,Current Blog,
https://nutrithrive.com.au/blog/gut-health-superfoods-complete-guide-australia-2025.html,Current Blog,
https://nutrithrive.com.au/blog/healthy-eating-australia-foods-for-every-age-goal-occasion-2025.html,Current Blog,
https://nutrithrive.com.au/blog/high-protein-snacks-australia-25-options-under-150-calories-2025.html,Current Blog,
https://nutrithrive.com.au/blog/how-to-add-moringa-to-diet.html,Current Blog,
https://nutrithrive.com.au/blog/how-to-stop-chrome-from-using-all-your-ram-2025.html,Current Blog,
https://nutrithrive.com.au/blog/how-to-store-dried-curry-leaves-freshness-tips-melbourne-kitchens.html,Current Blog,
https://nutrithrive.com.au/blog/instagram-worthy-moringa-smoothie-bowls-recipes.html,Current Blog,
https://nutrithrive.com.au/blog/iron-deficiency-complete-guide-australia-2025.html,Current Blog,
https://nutrithrive.com.au/blog/keto-atta-moringa-benefits-australia.html,Current Blog,
https://nutrithrive.com.au/blog/low-calorie-snacks-keep-you-full-22-options-2025.html,Current Blog,
https://nutrithrive.com.au/blog/lower-cholesterol-naturally-moringa-heart-health.html,Current Blog,
https://nutrithrive.com.au/blog/lowering-blood-sugar-naturally-moringa-insulin-sensitivity.html,Current Blog,
https://nutrithrive.com.au/blog/melbourne-coffee-alternative-moringa-2025.html,Current Blog,
https://nutrithrive.com.au/blog/moringa-adaptogen-stress-relief-cortisol-balance.html,Current Blog,
https://nutrithrive.com.au/blog/moringa-benefits-australia-2025.html,Current Blog,
https://nutrithrive.com.au/blog/moringa-benefits-for-men-testosterone-recovery-2025.html,Current Blog,
https://nutrithrive.com.au/blog/moringa-benefits-protein-powder-australia-2025.html,Current Blog,
https://nutrithrive.com.au/blog/moringa-brands-comparison-australia-2025.html,Current Blog,
https://nutrithrive.com.au/blog/moringa-brands-reviewed-australia-2025-verdict.html,Current Blog,
https://nutrithrive.com.au/blog/moringa-breastfeeding-mums-natural-lactation-support.html,Current Blog,
https://nutrithrive.com.au/blog/moringa-chemist-warehouse-freshness-truth.html,Current Blog,
https://nutrithrive.com.au/blog/moringa-chemist-warehouse-vs-nutrithrive-quality-test-2025.html,Current Blog,
https://nutrithrive.com.au/blog/moringa-eyesight-better-than-carrots.html,Current Blog,
https://nutrithrive.com.au/blog/moringa-fitness-athletes-australia-2025.html,Current Blog,
https://nutrithrive.com.au/blog/moringa-for-breastfeeding-mums-natural-lactation-support.html,Current Blog,
https://nutrithrive.com.au/blog/moringa-for-gut-health-bloating-2025.html,Current Blog,
https://nutrithrive.com.au/blog/moringa-for-men-stamina-muscle-recovery-vitality.html,Current Blog,
https://nutrithrive.com.au/blog/moringa-for-weight-loss-does-it-burn-fat.html,Current Blog,
https://nutrithrive.com.au/blog/moringa-immune-system-support-australia-2025.html,Current Blog,
https://nutrithrive.com.au/blog/moringa-magic-natural-glow.html,Current Blog,
https://nutrithrive.com.au/blog/moringa-powder-athletes-performance-benefits-australia-2025.html,Current Blog,
https://nutrithrive.com.au/blog/moringa-powder-australian-lab-guide-2024.html,Current Blog,
https://nutrithrive.com.au/blog/moringa-powder-benefits-ultimate-guide-2024.html,Current Blog,
https://nutrithrive.com.au/blog/moringa-powder-complete-faq-guide-benefits-safety-australia-2025.html,Current Blog,
https://nutrithrive.com.au/blog/moringa-powder-ultimate-superfood-guide-australian-health-2025.html,Current Blog,
https://nutrithrive.com.au/blog/moringa-powder-victoria-seniors-joint-health.html,Current Blog,
https://nutrithrive.com.au/blog/moringa-skin-hair-benefits-australia-2025.html,Current Blog,
https://nutrithrive.com.au/blog/moringa-vs-coffee-melbourne-energy-hack.html,Current Blog,
https://nutrithrive.com.au/blog/moringa-vs-matcha-energy-metabolism-2025.html,Current Blog,
https://nutrithrive.com.au/blog/moringa-vs-matcha-superfood-comparison-melbourne-2025.html,Current Blog,
https://nutrithrive.com.au/blog/moringa-vs-matcha-what-australians-need-to-know-energy-immunity-weight-loss-2025.html,Current Blog,
https://nutrithrive.com.au/blog/moringa-vs-spirulina-vs-matcha-comparison-australia.html,Current Blog,
https://nutrithrive.com.au/blog/moringa-vs-spirulina-which-green-powder-tastes-better.html,Current Blog,
https://nutrithrive.com.au/blog/moringa-vs-superfoods-comparison-australia-2025.html,Current Blog,
https://nutrithrive.com.au/blog/moringa-weight-loss-australia-2025.html,Current Blog,
https://nutrithrive.com.au/blog/moringa-weight-loss-burn-fat-actually-help.html,Current Blog,
https://nutrithrive.com.au/blog/moringa-weight-loss-metabolism-wellness-ultimate-australian-superfood-guide-2025.html,Current Blog,
https://nutrithrive.com.au/blog/natural-energy-boosters-australia-superfoods-2025.html,Current Blog,
https://nutrithrive.com.au/blog/natural-heavy-metal-detox-moringa-cleanse-body.html,Current Blog,
https://nutrithrive.com.au/blog/natural-joint-pain-relief-moringa-vs-turmeric-2025.html,Current Blog,
https://nutrithrive.com.au/blog/natural-language-calendar-scheduler.html,Current Blog,
https://nutrithrive.com.au/blog/new-trends-australian-protein-powders-2025.html,Current Blog,
https://nutrithrive.com.au/blog/nourish-your-body-with-healthy-foods-guide-for-australians-2025.html,Current Blog,
https://nutrithrive.com.au/blog/nutrithrive-delivers-across-victoria-is-your-town-eligible-hint-yes.html,Current Blog,
https://nutrithrive.com.au/blog/nutrithrive-dried-curry-leaves-tradition-health.html,Current Blog,
https://nutrithrive.com.au/blog/plant-based-functional-foods-australia-wellness-nutrithrive-2025.html,Current Blog,
https://nutrithrive.com.au/blog/plant-based-performance-protein-stack-australia-2025.html,Current Blog,
https://nutrithrive.com.au/blog/protein-powder-bloating-fix-moringa.html,Current Blog,
https://nutrithrive.com.au/blog/sneak-greens-into-kids-diet-moringa-hack.html,Current Blog,
https://nutrithrive.com.au/blog/south-indian-recipes-dried-curry-leaves-melbourne.html,Current Blog,
https://nutrithrive.com.au/blog/superfoods-immunity-boost-australia-winter-2025.html,Current Blog,
https://nutrithrive.com.au/blog/superfoods-wellness-guide-australia-2025.html,Current Blog,
https://nutrithrive.com.au/blog/the-truth-about-food-and-mood-7-superfoods-that-really-work-for-australian-stress-and-energy.html,Current Blog,
https://nutrithrive.com.au/blog/ultimate-weight-loss-products-guide-australia-2025-pills-powders-shakes-snacks-faqs.html,Current Blog,
https://nutrithrive.com.au/blog/universal-size-converter.html,Current Blog,
https://nutrithrive.com.au/blog/vitamin-a-complete-guide-australia-2025.html,Current Blog,
https://nutrithrive.com.au/blog/where-to-buy-dried-curry-leaves-melbourne-complete-local-buyers-guide.html,Current Blog,
https://nutrithrive.com.au/blog/where-to-buy-moringa-australia-chemist-warehouse-woolworths-nutrithrive-2025.html,Current Blog,
https://nutrithrive.com.au/blog/why-moringa-tree-of-life-sustainability-ethics.html,Current Blog,
https://nutrithrive.com.au/pages/blog/*.html,Redirected,https://nutrithrive.com.au/blog/:splat
https://nutrithrive.com.au/pages/blog/*,Redirected,https://nutrithrive.com.au/blog/:splat.html
https://nutrithrive.com.au/blog/moringa-vs-matcha-australia-2025.html,Redirected,https://nutrithrive.com.au/blog/moringa-vs-matcha-energy-metabolism-2025.html
https://nutrithrive.com.au/blog/moringa-vs-matcha-superfood-comparison-melbourne-2025.html,Redirected,https://nutrithrive.com.au/blog/moringa-vs-matcha-energy-metabolism-2025.html
https://nutrithrive.com.au/blog/where-to-buy-dried-curry-leaves-melbourne-local-shopping-guide-2025.html,Redirected,https://nutrithrive.com.au/blog/where-to-buy-dried-curry-leaves-melbourne-complete-local-buyers-guide.html
https://nutrithrive.com.au/blog/where-to-buy-dried-curry-leaves-melbourne-ultimate-guide-surprise-tip-2025.html,Redirected,https://nutrithrive.com.au/blog/where-to-buy-dried-curry-leaves-melbourne-complete-local-buyers-guide.html
https://nutrithrive.com.au/blog/dried-curry-leaves-ultimate-guide-melbourne-australia-2025.html,Redirected,https://nutrithrive.com.au/blog/where-to-buy-dried-curry-leaves-melbourne-complete-local-buyers-guide.html
https://nutrithrive.com.au/blog/moringa-brands-comparison-australia-2025,Redirected,https://nutrithrive.com.au/blog/moringa-brands-comparison-australia-2025.html
https://nutrithrive.com.au/blog/best-protein-powder-australia-2025-complete-guide.html,Redirected,https://nutrithrive.com.au/blog/best-protein-powder-australia.html
https://nutrithrive.com.au/blog/grow-moringa-tree-australia,Redirected,https://nutrithrive.com.au/blog/grow-moringa-tree-australia.html
https://nutrithrive.com.au/blog/best-superfoods-immunity-australia-2025,Redirected,https://nutrithrive.com.au/blog/best-superfoods-immunity-australia-2025.html
https://nutrithrive.com.au/blog/plant-based-functional-foods-australia-wellness-nutrithrive-2025,Redirected,https://nutrithrive.com.au/blog/plant-based-functional-foods-australia-wellness-nutrithrive-2025.html
https://nutrithrive.com.au/blog/protein-powder-bloating-fix-moringa,Redirected,https://nutrithrive.com.au/blog/protein-powder-bloating-fix-moringa.html
https://nutrithrive.com.au/blog/dried-curry-leaf-hair-oil-recipe,Redirected,https://nutrithrive.com.au/blog/dried-curry-leaf-hair-oil-recipe.html
https://nutrithrive.com.au/blog/calcium-supplements-complete-guide-australia-2025,Redirected,https://nutrithrive.com.au/blog/calcium-supplements-complete-guide-australia-2025.html
https://nutrithrive.com.au/blog/complete-guide-to-moringa-powder-australia,Redirected,https://nutrithrive.com.au/blog/complete-guide-to-moringa-powder-australia.html
https://nutrithrive.com.au/blog/how-to-store-dried-curry-leaves-freshness-tips-melbourne-kitchens,Redirected,https://nutrithrive.com.au/blog/how-to-store-dried-curry-leaves-freshness-tips-melbourne-kitchens.html
https://nutrithrive.com.au/blog/affordable-food-budget-eating-family-australia-complete-guide-2025,Redirected,https://nutrithrive.com.au/blog/affordable-food-budget-eating-family-australia-complete-guide-2025.html
https://nutrithrive.com.au/blog/fresh-vs-dried-curry-leaves-substitute-guide,Redirected,https://nutrithrive.com.au/blog/fresh-vs-dried-curry-leaves-substitute-guide.html
https://nutrithrive.com.au/blog/best-protein-powder-australia,Redirected,https://nutrithrive.com.au/blog/best-protein-powder-australia.html
https://nutrithrive.com.au/blog/darjeeling-black-tea-melbourne-muscatel-marvel,Redirected,https://nutrithrive.com.au/blog/darjeeling-black-tea-melbourne-muscatel-marvel.html
https://nutrithrive.com.au/blog/iron-deficiency-complete-guide-australia-2025,Redirected,https://nutrithrive.com.au/blog/iron-deficiency-complete-guide-australia-2025.html
https://nutrithrive.com.au/blog/high-protein-snacks-australia-25-options-under-150-calories-2025,Redirected,https://nutrithrive.com.au/blog/high-protein-snacks-australia-25-options-under-150-calories-2025.html
https://nutrithrive.com.au/blog/fresh-vs-dried-curry-leaves-melbourne-complete-guide,Redirected,https://nutrithrive.com.au/blog/fresh-vs-dried-curry-leaves-melbourne-complete-guide.html
https://nutrithrive.com.au/blog/moringa-chemist-warehouse-freshness-truth,Redirected,https://nutrithrive.com.au/blog/moringa-chemist-warehouse-freshness-truth.html
https://nutrithrive.com.au/blog/dried-curry-leaves-cooking-tips-melbourne,Redirected,https://nutrithrive.com.au/blog/dried-curry-leaves-cooking-tips-melbourne.html
https://nutrithrive.com.au/pages/blog/grow-moringa-tree-australia,Redirected,https://nutrithrive.com.au/blog/grow-moringa-tree-australia.html
https://nutrithrive.com.au/pages/blog/grow-moringa-tree-australia.html,Redirected,https://nutrithrive.com.au/blog/grow-moringa-tree-australia.html
https://nutrithrive.com.au/blog/moringa-brands-reviewed-australia-2025-verdict,Redirected,https://nutrithrive.com.au/blog/moringa-brands-reviewed-australia-2025-verdict.html
https://nutrithrive.com.au/blog/healthy-eating-australia-foods-for-every-age-goal-occasion-2025,Redirected,https://nutrithrive.com.au/blog/healthy-eating-australia-foods-for-every-age-goal-occasion-2025.html
https://nutrithrive.com.au/blog/fresh-vs-dried-curry-leaves-melbourne-complete-guide,Redirected,https://nutrithrive.com.au/blog/fresh-vs-dried-curry-leaves-melbourne-complete-guide.html
https://nutrithrive.com.au/blog/complete-guide-to-moringa-powder-australia,Redirected,https://nutrithrive.com.au/blog/complete-guide-to-moringa-powder-australia.html
https://nutrithrive.com.au/blog/best-protein-powder-australia,Redirected,https://nutrithrive.com.au/blog/best-protein-powder-australia.html
https://nutrithrive.com.au/pages/blog/moringa-brands-reviewed-australia-2025-verdict,Redirected,https://nutrithrive.com.au/blog/moringa-brands-reviewed-australia-2025-verdict.html
https://nutrithrive.com.au/pages/blog/moringa-brands-comparison-australia-2025,Redirected,https://nutrithrive.com.au/blog/moringa-brands-comparison-australia-2025.html
https://nutrithrive.com.au/pages/blog/moringa-benefits-australia-2025,Redirected,https://nutrithrive.com.au/blog/moringa-powder-ultimate-superfood-guide-australian-health-2025.html
https://nutrithrive.com.au/pages/blog/moringa-benefits-protein-powder-australia-2025,Redirected,https://nutrithrive.com.au/blog/moringa-powder-ultimate-superfood-guide-australian-health-2025.html
https://nutrithrive.com.au/pages/blog/moringa-vs-matcha-australia-2025,Redirected,https://nutrithrive.com.au/blog/moringa-vs-matcha-energy-metabolism-2025.html
https://nutrithrive.com.au/pages/blog/healthy-eating-australia-foods-for-every-age-goal-occasion-2025,Redirected,https://nutrithrive.com.au/blog/healthy-eating-australia-foods-for-every-age-goal-occasion-2025.html
https://nutrithrive.com.au/blog/blog.html.html,Redirected,https://nutrithrive.com.au/blog/
https://nutrithrive.com.au/pages/blog/blog.html,Redirected,https://nutrithrive.com.au/blog/
