Top queries,Clicks,Impressions,CTR,Position
nutrithrive,30,52,57.69%,2.23
nutri thrive,14,16,87.5%,1.31
best moringa powder in australia,5,137,3.65%,3.58
moringa,2,54,3.7%,55.43
moringa chemist warehouse,2,24,8.33%,2
best quality moringa,2,7,28.57%,28.14
nutra thrive moringa powder,2,6,33.33%,1
moringa powder near me,2,2,100%,1
rosabella moringa reviews,1,39,2.56%,3.13
rosabella moringa australia,1,18,5.56%,2.72
moringa best brand,1,13,7.69%,4.69
moringa capsules,1,11,9.09%,2
which moringa is the best,1,8,12.5%,7.12
using dried curry leaves instead of fresh,1,6,16.67%,6.83
osmo moringa capsules,1,4,25%,3.75
best moringa to buy,1,4,25%,4
best pure moringa powder,1,2,50%,3
protein brands australia,1,2,50%,16
moringa tea near me,1,1,100%,1
best clean protein powder australia,0,153,0%,44.27
best protein powder australia,0,129,0%,53.43
best protein powder,0,104,0%,68.85
best organic protein powder,0,98,0%,69.78
best organic protein powder australia,0,93,0%,44.37
best moringa powder,0,80,0%,6.24
what is moringa good for,0,80,0%,79.53
cleanest protein powder,0,73,0%,86.67
moringa powder,0,59,0%,68.9
clean protein powder australia,0,53,0%,45.74
best pure protein powder,0,51,0%,70.31
moringa powder australia,0,38,0%,57.53
best protein shakes australia,0,31,0%,69.13
best protein shake australia,0,30,0%,57.97
best value protein powder,0,27,0%,33.37
fresh vs dried curry leaves,0,25,0%,8.16
dry curry leaves benefits,0,20,0%,7.95
moringa benefits,0,20,0%,78.75
fresh curry leaves vs dried,0,18,0%,10.44
moringa vs matcha,0,18,0%,17.94
are dried curry leaves as good as fresh,0,17,0%,4.47
is rosabella moringa legit,0,16,0%,2
dried curry leaves vs fresh,0,15,0%,9
what protein is made in australia,0,14,0%,87.57
roosevelt moringa,0,13,0%,8.38
best whey protein powder,0,13,0%,44.08
rosabella moringa capsules chemist warehouse,0,12,0%,2.25
best moringa,0,12,0%,6.75
best moringa powder brand,0,12,0%,8.25
best natural protein powder australia,0,12,0%,29
healthy protein powder,0,12,0%,79.5
where to buy rosabella moringa,0,11,0%,3
best moringa in australia,0,11,0%,5.09
best value protein powder australia,0,11,0%,21.45
the best protein powder,0,11,0%,51.91
best australian protein powders,0,10,0%,46.4
protein supplements best,0,10,0%,60.8
is rosabella moringa the same as moringa,0,9,0%,2.67
osmo moringa reviews,0,9,0%,3
best organic moringa powder,0,9,0%,8.67
best tasting protein powder australia,0,9,0%,22.56
moringa near me,0,9,0%,33.11
osmo moringa australia,0,8,0%,3.5
best moringa leaf powder,0,8,0%,6.5
best moringa brand,0,8,0%,7.25
best protein powders australia,0,8,0%,57.62
best whey isolate protein powder,0,8,0%,71.5
australian protein powder,0,8,0%,74.75
protein powder brands,0,8,0%,78.75
best moringa australia,0,7,0%,1
can i use dried curry leaves instead of fresh,0,7,0%,3.14
osmo moringa,0,7,0%,3.43
rosabella moringa chemist warehouse,0,7,0%,4.29
moringa reviews australia,0,7,0%,5.14
thrive powder,0,7,0%,6.14
how to use dried curry leaves instead of fresh,0,7,0%,7.14
best quality moringa powder,0,7,0%,7.43
thrive,0,7,0%,11.86
can you use dried curry leaves instead of fresh,0,7,0%,13.14
best protein powders in australia,0,7,0%,34.86
best natural protein powder,0,7,0%,37.71
difference between matcha and moringa,0,7,0%,49.29
moringa or matcha,0,7,0%,49.29
best protein supplements,0,7,0%,55.71
best protein supplement,0,7,0%,59.29
what is moringa powder,0,7,0%,73.14
moringa in australia,0,7,0%,79.14
rosabella moringa,0,6,0%,2.17
moringa powder in australia,0,6,0%,9.67
dried curry leaves woolworths,0,6,0%,10
moringa powder woolworths,0,6,0%,12.5
curry leaves,0,6,0%,14
matcha vs moringa,0,6,0%,23.33
best protein powder asutralia,0,6,0%,30.17
best protein powder for women australia,0,6,0%,39.17
how to use curry leaves,0,6,0%,44.33
best tasting protein powder,0,6,0%,63.67
best plant based protein powder australia,0,6,0%,64
good protein powder,0,6,0%,66.33
moringa powder best brand,0,5,0%,2.6
dried curry leaves benefits,0,5,0%,3.4
what is the best moringa powder,0,5,0%,4.2
dry curry leaves vs fresh,0,5,0%,6.2
curry leaves dried vs fresh,0,5,0%,8.4
protein powder reviews australia,0,5,0%,16.8
moringa capsules woolworths,0,5,0%,19.4
best cheap protein powder,0,5,0%,34.4
best whey protein australia,0,5,0%,41.4
best maca powder australia,0,5,0%,42.8
highest protein powder,0,5,0%,44
thrive protein powder,0,5,0%,46.8
best protein powder for weight loss australia,0,5,0%,48.8
dried curry leaves,0,5,0%,49.8
best protein australia,0,5,0%,56.4
is moringa like matcha,0,5,0%,59.6
best natural protein supplement,0,5,0%,61
moringa vitamins,0,5,0%,63
is moringa and matcha the same thing,0,5,0%,66.2
best protein powder for men,0,5,0%,67
top protein powder,0,5,0%,69.2
natural moringa powder,0,5,0%,79.6
protein supplement brands,0,5,0%,87.8
moringa reviews,0,4,0%,2
rosabella moringa capsules,0,4,0%,2
coco earth moringa oil reviews,0,4,0%,3.25
the best moringa,0,4,0%,6.5
can moringa grow in melbourne,0,4,0%,7
which is the best moringa to take,0,4,0%,8
best protein powder australia reviews,0,4,0%,9.25
most reputable protein brands australia 2025,0,4,0%,9.75
curry leaves indian store,0,4,0%,11
dried vs fresh curry leaves,0,4,0%,14.75
how to use dry curry leaves,0,4,0%,19.75
how to store curry leaves,0,4,0%,39.25
protein powder reviews,0,4,0%,40.5
how to use moringa powder,0,4,0%,48
best protein powder in australia,0,4,0%,50.75
best protein supplements australia,0,4,0%,51
fresh curry leaves,0,4,0%,53.25
best protein powder brand,0,4,0%,57
best vegan protein powder australia,0,4,0%,57.75
healthiest protein powder,0,4,0%,58
best plant protein powder australia,0,4,0%,58.25
high protein snacks australia,0,4,0%,61.75
best protein supplement brand,0,4,0%,66.75
best whey protein,0,4,0%,69.75
high quality protein powder,0,4,0%,73.75
dry curry leaves,0,4,0%,74
the best protein supplement,0,4,0%,75.5
moringa supplements,0,4,0%,78
protein powder best quality,0,4,0%,78.25
moringa health benefits,0,4,0%,79.25
top protein powders,0,4,0%,80
what protein powder is best,0,4,0%,82
best protein powder for weight loss,0,4,0%,95.25
can dried curry leaves be used in place of fresh,0,3,0%,1
fried curry leaves,0,3,0%,1
matcha or moringa which is better,0,3,0%,1
moringa or matcha which is better,0,3,0%,1
top 10 protein powder australia,0,3,0%,1.67
moringa powder coles,0,3,0%,2
moringa tea woolworths,0,3,0%,2
nutri farm,0,3,0%,2
moringa rosabella reviews,0,3,0%,3.33
moringa powder best company,0,3,0%,3.67
how to store dried curry leaves,0,3,0%,5.33
what is the best moringa,0,3,0%,7
is moringa keto friendly,0,3,0%,9
top australian-made protein supplements 2025,0,3,0%,9
curry leaf extract benefits,0,3,0%,9.67
store curry leaves,0,3,0%,10.67
moringa powder at chemist warehouse,0,3,0%,11.67
moringa tree lifespan,0,3,0%,13
best protein powder woolworths,0,3,0%,15.67
how many dried curry leaves instead of fresh,0,3,0%,17.33
moringa powder chemist warehouse,0,3,0%,21
how to use dried curry leaves,0,3,0%,22.33
moringa products australia,0,3,0%,33.67
protein powder comparison,0,3,0%,37
best moringa capsules australia,0,3,0%,37.67
best protein powders,0,3,0%,39.67
food truganina,0,3,0%,40
is moringa same as matcha,0,3,0%,41.67
best protein powder australia for women,0,3,0%,48
curry leaf recipes,0,3,0%,50.33
best wpi protein australia,0,3,0%,53
cooking with curry leaves,0,3,0%,55
best wpi australia,0,3,0%,56.67
best quality protein powder,0,3,0%,57.67
protein powder best value,0,3,0%,58.67
best weight loss protein powder australia,0,3,0%,59.67
good protein powder brands,0,3,0%,62
best protein powder supplement,0,3,0%,62.33
how do you use moringa powder,0,3,0%,63
best vanilla protein powder australia,0,3,0%,63.33
how to take moringa powder,0,3,0%,63.33
black tea good for,0,3,0%,63.67
moringa powder benefits,0,3,0%,65.33
how much moringa powder per day,0,3,0%,66.67
best protein powder australia for weight loss,0,3,0%,67.67
best australian protein powder,0,3,0%,68.67
best protein powder brands,0,3,0%,70.33
what's the best protein powder,0,3,0%,71
protein powder review,0,3,0%,72
moringa tree,0,3,0%,72.33
best protein supplement brands,0,3,0%,73.33
protein supplements brands,0,3,0%,74.33
moringa seeds benefits,0,3,0%,74.67
highest quality protein powder,0,3,0%,75
best type protein powder,0,3,0%,75.33
australian moringa capsules,0,3,0%,77
good natural protein powder,0,3,0%,77.67
best protein powder organic,0,3,0%,78
top protein supplements,0,3,0%,78
top quality protein powder,0,3,0%,79
which protein supplement is best,0,3,0%,81.33
black tea health benefits,0,3,0%,83
what's the best protein supplement,0,3,0%,83
best protein powder men,0,3,0%,83.33
protein brands,0,3,0%,83.67
natural nutri powder,0,3,0%,84
best protein supplements brands,0,3,0%,86
benefits of moringa,0,3,0%,86.67
australian made protein,0,3,0%,89
good quality protein powder,0,3,0%,89
is moringa powder good for you,0,3,0%,91
which protein powder is good,0,3,0%,92
protein supplement reviews,0,3,0%,92.33
best brand moringa powder,0,2,0%,1
the best moringa to buy,0,2,0%,1
what's the best moringa brand,0,2,0%,1
best moringa product on the market,0,2,0%,2
rosabella moringa reviews reddit,0,2,0%,2
where to buy moringa leaves,0,2,0%,2
moringa for sale near me,0,2,0%,2.5
moringa tablets chemist warehouse,0,2,0%,2.5
best moringa supplement,0,2,0%,3
is rosabella moringa good for you,0,2,0%,3
organic india moringa,0,2,0%,3
rosabella.moringa reviews,0,2,0%,3.5
good quality moringa powder,0,2,0%,4
osmo moringa chemist warehouse,0,2,0%,4
moringa keto,0,2,0%,4.5
what is the best moringa to take,0,2,0%,5.5
how to use dried curry leaves in cooking,0,2,0%,6
wild taste australia moringa powder reviews,0,2,0%,7
moringa brands,0,2,0%,8.5
most widely available protein powder brands australia,0,2,0%,8.5
uprotein wpi 95,0,2,0%,8.5
best moringa products,0,2,0%,9
curry leaf storage,0,2,0%,9
best value for money protein powder,0,2,0%,9.5
top-rated vegan protein brands australia 2025,0,2,0%,10
what to do with dried curry leaves,0,2,0%,10
best moringa powder brands,0,2,0%,10.5
moringa chemist warehouse australia,0,2,0%,11
can i use dried curry leaves,0,2,0%,12
casein powder woolworths,0,2,0%,14.5
australia best whey protein,0,2,0%,15.5
moringa leaves melbourne,0,2,0%,17
which is better matcha or moringa,0,2,0%,17
best protein powder reddit australia,0,2,0%,19.5
protein powder australia reviews,0,2,0%,22
vital pea protein woolworths,0,2,0%,24
australia best protein powder,0,2,0%,28
protein powder australia,0,2,0%,28.5
best low price protein powder,0,2,0%,29.5
nutrient dense protein powder,0,2,0%,30.5
is moringa powder matcha,0,2,0%,32.5
moringa in chemist warehouse,0,2,0%,32.5
curry leaves melbourne,0,2,0%,33.5
moringa plant australia,0,2,0%,33.5
which brand moringa powder is best,0,2,0%,34
weight loss protein powder australia,0,2,0%,35
drying curry leaves,0,2,0%,39
moringa australia,0,2,0%,39
health benefits in black tea,0,2,0%,40
moringa health properties,0,2,0%,40.5
curry patta benefits,0,2,0%,42
wild taste australia moringa powder,0,2,0%,42
matcha and moringa benefits,0,2,0%,42.5
best natural protein powders,0,2,0%,43
how to grow moringa tree,0,2,0%,44.5
150 calorie snacks,0,2,0%,45
curry leaves health benefits,0,2,0%,46
uses for curry leaves,0,2,0%,49.5
best quality protein powder australia,0,2,0%,50.5
thrive products,0,2,0%,50.5
health benefits of curry leaves,0,2,0%,51
best whey protein in australia,0,2,0%,51.5
top protein powders australia,0,2,0%,51.5
best pea protein powder australia,0,2,0%,54
moringa powder how to use,0,2,0%,55
australian made protein powder,0,2,0%,57
how to consume moringa powder,0,2,0%,57
moringa protein,0,2,0%,57
curry leaves recipe,0,2,0%,59
how to use the moringa powder,0,2,0%,59
best low cost protein powder,0,2,0%,60.5
best wpi protein powder,0,2,0%,61
moringa tree benefits,0,2,0%,61.5
good protein powders,0,2,0%,62.5
moringa tree benefits and side effects,0,2,0%,62.5
best plant-based protein powder australia,0,2,0%,63
best and cheapest protein powder,0,2,0%,65.5
cleanest protein powder australia,0,2,0%,68
how can i use moringa powder,0,2,0%,68
moringa vitamin,0,2,0%,68.5
moringa tree vitamins,0,2,0%,69
health benefits of black tea,0,2,0%,69.5
best brands of protein powder,0,2,0%,71.5
matcha and moringa,0,2,0%,72.5
best whey protein powders,0,2,0%,73
best protein,0,2,0%,73.5
top protein powder australia,0,2,0%,73.5
matcha moringa,0,2,0%,75
moringa for weight loss,0,2,0%,76.5
moringa advantages,0,2,0%,77
brands of protein powder,0,2,0%,77.5
moringa plant benefits,0,2,0%,77.5
top rated whey protein powder,0,2,0%,78
what does moringa powder do,0,2,0%,78.5
best protein isolate,0,2,0%,80
best type of protein powder,0,2,0%,81.5
protein powders,0,2,0%,82
which are the best protein powders,0,2,0%,82.5
health benefits black tea,0,2,0%,85.5
moringa seed benefits,0,2,0%,85.5
moringa nutrition,0,2,0%,86
best protein shake brand,0,2,0%,87.5
compare protein powder,0,2,0%,87.5
vitamins in moringa,0,2,0%,88.5
best protein shakes,0,2,0%,89.5
english black tea benefits,0,2,0%,90
moringa powder uses,0,2,0%,90.5
what is moringa powder good for,0,2,0%,90.5
vitamin a in moringa,0,2,0%,91
moringa post-workout supplement,0,2,0%,92
best protein shake brands,0,2,0%,96
natural glow mask australia,0,2,0%,96
australian protein powder brands,0,1,0%,1
best brand moringa,0,1,0%,1
best moringa on the market,0,1,0%,1
best protein powder for hair,0,1,0%,1
best protein powder for soups,0,1,0%,1
best value whey protein australia,0,1,0%,1
crispy curry leaves,0,1,0%,1
curry leaves powder,0,1,0%,1
highest quality moringa,0,1,0%,1
is matcha moringa powder,0,1,0%,1
is moringa powder keto friendly,0,1,0%,1
karipatta,0,1,0%,1
moringa keto friendly,0,1,0%,1
moringa leaves fresh near me,0,1,0%,1
top moringa powder brand,0,1,0%,1
what is the best brand of moringa,0,1,0%,1
what is the best moringa to buy,0,1,0%,1
which brand of moringa is the best,0,1,0%,1
which is best moringa powder,0,1,0%,1
best moringa oil,0,1,0%,2
best moringa powder organic,0,1,0%,2
best place to buy moringa,0,1,0%,2
best tasting protein australia,0,1,0%,2
buy moringa plant,0,1,0%,2
coco earth moringa oil,0,1,0%,2
is rosabella moringa a scam,0,1,0%,2
malunggay,0,1,0%,2
maringa reviews,0,1,0%,2
moringa at chemist warehouse,0,1,0%,2
moringa buy,0,1,0%,2
moringa coles,0,1,0%,2
moringa high quality,0,1,0%,2
moringa oil,0,1,0%,2
moringa powder best,0,1,0%,2
moringa powder capsules,0,1,0%,2
moringa rosabella brand,0,1,0%,2
moringa supplements australia,0,1,0%,2
moringa tea bags woolworths,0,1,0%,2
moringa woolworths,0,1,0%,2
moringa:,0,1,0%,2
moringo,0,1,0%,2
nutrali moringa,0,1,0%,2
nutrawave moringa,0,1,0%,2
nutri,0,1,0%,2
organic moringa,0,1,0%,2
organic moringa capsules,0,1,0%,2
pure moringa rosabella,0,1,0%,2
rosabella moringa australia chemist warehouse,0,1,0%,2
rosabella moringa powder chemist warehouse,0,1,0%,2
rosabella moringa reviews and complaints,0,1,0%,2
rosabella moringa tablets,0,1,0%,2
rosavella moringa,0,1,0%,2
the best moringa powder,0,1,0%,2
unflavoured protein powder,0,1,0%,2
wella naturals moringa,0,1,0%,2
where can i buy rosabella moringa,0,1,0%,2
where can you buy moringa,0,1,0%,2
where to buy moringa plant near me,0,1,0%,2
where to buy moringa tablets,0,1,0%,2
where to buy rosabella moringa capsules,0,1,0%,2
best form of moringa to take,0,1,0%,3
best moringa capsules brand,0,1,0%,3
buy moringa powder,0,1,0%,3
buy true protein,0,1,0%,3
carlyle moringa reviews,0,1,0%,3
eden wellness moringa,0,1,0%,3
how many mg moringa per day,0,1,0%,3
is rosabella moringa safe,0,1,0%,3
isagenix moringa,0,1,0%,3
moringa by rosabella reviews,0,1,0%,3
moringa powder side effects,0,1,0%,3
moringa seed oil reviews,0,1,0%,3
moringa tablets,0,1,0%,3
moringa tablets woolworths,0,1,0%,3
moringa tea coles,0,1,0%,3
mrm nutrition moringa,0,1,0%,3
nutrifood,0,1,0%,3
nutritional protein powder,0,1,0%,3
pura vida moringa reviews,0,1,0%,3
reviews on rosabella moringa,0,1,0%,3
reviews rosabella moringa,0,1,0%,3
roosevelt's moringa,0,1,0%,3
rosabella moringa best brand,0,1,0%,3
rosabella moringa legit,0,1,0%,3
rosabella moringa official website,0,1,0%,3
what does moringa taste like,0,1,0%,3
where to buy moringa,0,1,0%,3
where to buy moringa in australia,0,1,0%,3
where to buy rosabella moringa australia,0,1,0%,3
cheap protein powder,0,1,0%,4
moringa drumstick woolworths,0,1,0%,4
orgain protein powder australia,0,1,0%,4
review rosabella moringa,0,1,0%,4
which is the best moringa powder brand,0,1,0%,4
best brand of moringa,0,1,0%,5
best moringa powder in the world,0,1,0%,5
best moringa powder reviews 2025,0,1,0%,5
manufacturer,0,1,0%,5
moringa powder best quality,0,1,0%,5
the best organic moringa powder,0,1,0%,5
thrive 24/7,0,1,0%,5
best brand for moringa powder,0,1,0%,6
best organic moringa,0,1,0%,6
best pure moringa,0,1,0%,6
moringa powder best brands,0,1,0%,6
hemp gold protein powder woolworths,0,1,0%,7
high quality moringa,0,1,0%,7
keto atta near me,0,1,0%,7
moringa powder brands,0,1,0%,7
top moringa brands,0,1,0%,7
where can i buy moringa powder near me,0,1,0%,7
which is the best moringa,0,1,0%,7
roosevelt moringa powder,0,1,0%,8
storing curry leaves,0,1,0%,8
top rated moringa powder,0,1,0%,8
best moringa tea brand,0,1,0%,9
moringa powder cost,0,1,0%,9
moringa tree in pot,0,1,0%,9
true protein,0,1,0%,9
what is karuveppilai,0,1,0%,9
best protein powders for meal replacement australia 2025,0,1,0%,10
can i use dry curry leaves instead of fresh,0,1,0%,10
fried curry leaves benefits,0,1,0%,10
most popular protein powder in australia,0,1,0%,10
the best moringa on the market,0,1,0%,10
top 10 protein powder,0,1,0%,10
best brand of moringa powder,0,1,0%,11
clean protein powder woolworths,0,1,0%,11
curry leaves for blood pressure,0,1,0%,11
moringa tozu ve matcha farkÄ±,0,1,0%,11
adaptogen superfoods,0,1,0%,12
can you grow moringa in a pot,0,1,0%,12
dried curry leaves uses,0,1,0%,12
how to cook with dried curry leaves,0,1,0%,12
protein powder price comparison,0,1,0%,12
thrive food,0,1,0%,12
true wpi 90 woolworths,0,1,0%,12
best type of moringa,0,1,0%,13
best whey protein isolate australia 2025,0,1,0%,13
curry leaves recipes indian,0,1,0%,13
murraya koenigii health benefits,0,1,0%,13
carry leaves,0,1,0%,14
protein supplement comparison,0,1,0%,17
review best protein powder,0,1,0%,18
sugar free protein powder woolworths,0,1,0%,19
moringa leaf powder woolworths,0,1,0%,21
best whey protein isolate australia,0,1,0%,23
vital strength vs musashi,0,1,0%,23
healthy protein powders,0,1,0%,25
atta near me,0,1,0%,27
how to preserve curry leaves,0,1,0%,28
natural protein powder woolworths,0,1,0%,28
pea protein powder woolworths,0,1,0%,28
thrive protein,0,1,0%,28
best protein brands australia,0,1,0%,29
curry leaves how to store,0,1,0%,29
how to store fresh curry leaves,0,1,0%,29
top rated protein powder,0,1,0%,29
best wpi protein,0,1,0%,30
woolworths unflavoured protein powder,0,1,0%,30
protein powder compare,0,1,0%,31
top rated women's protein powders,0,1,0%,34
100 whey protein powder australia,0,1,0%,35
moringa tree australia,0,1,0%,35
best protein supplement in australia,0,1,0%,37
best whey powder,0,1,0%,37
curry leaf for cooking,0,1,0%,37
best moringa oleifera powder,0,1,0%,38
best protein powder for women in australia,0,1,0%,38
where to buy moringa tree in australia,0,1,0%,38
best protein powder 2019,0,1,0%,40
best affordable protein powder,0,1,0%,41
best organic moringa leaf powder,0,1,0%,41
curry leaves dried,0,1,0%,42
best keto protein powder australia,0,1,0%,43
natural thrive,0,1,0%,43
150 calories snacks,0,1,0%,45
what is black tea good for,0,1,0%,45
moringa oleifera tree benefits,0,1,0%,46
full grown moringa tree,0,1,0%,47
best chocolate protein powder australia,0,1,0%,48
moringa oleifera benefits to health,0,1,0%,48
curry leaves benefits,0,1,0%,49
how to use curry leaves in cooking,0,1,0%,49
matcha or moringa,0,1,0%,49
recommended whey protein powder,0,1,0%,49
australia protein brands,0,1,0%,50
benefits of curry leaves,0,1,0%,50
cheap protein supplements australia,0,1,0%,50
moringa au,0,1,0%,50
moringa powder health benefits,0,1,0%,50
best protein powder australia for muscle growth,0,1,0%,51
best protein shake,0,1,0%,51
curry leaf dried,0,1,0%,51
curry leaf health benefits,0,1,0%,51
curry leaves advantages,0,1,0%,51
musashi 100 whey woolworths,0,1,0%,51
which protein powders are the best,0,1,0%,51
is matcha the same as moringa,0,1,0%,52
mens protein powder australia,0,1,0%,52
best brand whey protein,0,1,0%,53
best whey protein powder australia,0,1,0%,54
matcha tea vs moringa,0,1,0%,54
thrive product,0,1,0%,54
curry leaf uses,0,1,0%,55
how to eat moringa powder,0,1,0%,55
is matcha and moringa the same,0,1,0%,55
is matcha moringa,0,1,0%,55
australia protein powder,0,1,0%,57
using curry leaves in cooking,0,1,0%,57
best brand of protein powder,0,1,0%,58
best protein powder for kids australia,0,1,0%,58
moringa and matcha,0,1,0%,58
benefits for black tea,0,1,0%,59
curry tree benefits,0,1,0%,59
amazonia raw protein woolworths,0,1,0%,60
how do i use moringa powder,0,1,0%,60
moringa supplement,0,1,0%,60
matcha vs moringa powder,0,1,0%,61
moringa matcha tea,0,1,0%,61
best brands of whey protein,0,1,0%,62
matcha powder vs moringa powder,0,1,0%,62
moringa products,0,1,0%,62
which health shakes are popular in australia,0,1,0%,62
pure moringa powder,0,1,0%,63
best whey protein supplements,0,1,0%,64
fresh curry leaf,0,1,0%,64
moringa vs matcha benefits,0,1,0%,64
health benefits of moringa powder,0,1,0%,65
is moringa matcha,0,1,0%,65
benefits of moringa powder,0,1,0%,66
best protein powder quality,0,1,0%,67
buying protein powder,0,1,0%,67
moringa leaf powder australia,0,1,0%,67
best clean protein powder,0,1,0%,68
recipes using curry leaves,0,1,0%,68
best isolate protein powder,0,1,0%,69
what is the best protein powder,0,1,0%,69
australia superfoods market,0,1,0%,70
is moringa and matcha the same,0,1,0%,70
best protein powder for elderly australia,0,1,0%,71
best whey protein brand,0,1,0%,71
best wpi protein powder australia,0,1,0%,71
moringa glp 1,0,1,0%,71
dark tea benefits,0,1,0%,73
moringa matcha,0,1,0%,73
is matcha and moringa the same thing,0,1,0%,74
weight management protein powder australia,0,1,0%,74
what are the best protein powders,0,1,0%,74
best whey isolate powder,0,1,0%,76
curry leaves substitution,0,1,0%,76
protein powder nutrition warehouse,0,1,0%,76
which best protein powder,0,1,0%,76
most healthy protein powder,0,1,0%,77
top ranked protein powder,0,1,0%,77
which is best protein powder,0,1,0%,77
famous protein powder,0,1,0%,78
top whey protein powders,0,1,0%,78
which protein powder is best,0,1,0%,78
curry leaf dry,0,1,0%,79
uses of curry leaves,0,1,0%,79
what is the best protein supplement,0,1,0%,79
which protein shakes are the best,0,1,0%,79
plant protein powder best,0,1,0%,80
benefits of black tea,0,1,0%,81
best protein powder natural,0,1,0%,81
whey protein powder reviews,0,1,0%,81
moringa powder how to eat,0,1,0%,82
best wpi,0,1,0%,83
buy immunity booster australia,0,1,0%,83
healthy protein powder australia,0,1,0%,83
moringa plant health benefits,0,1,0%,83
what is the best whey protein powder,0,1,0%,83
how do you take moringa powder,0,1,0%,84
nutrition warehouse protein powder,0,1,0%,84
is black tea good for health,0,1,0%,85
black tea benefits,0,1,0%,87
does moringa help with sugar cravings,0,1,0%,87
moringa or matcha for weight loss,0,1,0%,87
review protein powder,0,1,0%,87
black tea benefits for health,0,1,0%,88
moringa product,0,1,0%,88
post-workout recovery moringa,0,1,0%,88
best protein powder for weight loss in australia,0,1,0%,89
protein powders reviews,0,1,0%,89
what is moringa leaf powder,0,1,0%,89
what is the healthiest protein powder,0,1,0%,89
best protein shakes brands,0,1,0%,90
moringa matcha tea benefits,0,1,0%,90
purest protein powder,0,1,0%,90
moringa supplement australia,0,1,0%,91
top protein brands,0,1,0%,92
which whey protein powder is best,0,1,0%,92
is black tea healthy,0,1,0%,93
spirulina vs moringa,0,1,0%,93
best iso protein powder,0,1,0%,94
compare protein shakes,0,1,0%,95
moringa leaves near me,0,1,0%,95
benefit of moringa,0,1,0%,96
benefits black tea,0,1,0%,96
curry leaf replacement,0,1,0%,96
keto protein powder australia,0,1,0%,96
moringa plants,0,1,0%,96
buy a moringa tree,0,1,0%,97
curry leaves curry,0,1,0%,97
healthy protein supplements,0,1,0%,97
protein powders best,0,1,0%,97
whey protein compare,0,1,0%,97
best protein powders organic,0,1,0%,99
top quality protein powders,0,1,0%,99
whey protein best,0,1,0%,99
benefits of drinking black tea,0,1,0%,100
best iso protein,0,1,0%,100
black tea is good for what,0,1,0%,100
curry leaf alternative,0,1,0%,100
curry leaves substitute,0,1,0%,100
healthiest protein supplements,0,1,0%,100