Top pages,Clicks,Impressions,CTR,Position
https://nutrithrive.com.au/,2,4,50%,3.5
https://nutrithrive.com.au/blog/moringa-brands-comparison-australia-2025,1,30,3.33%,6.7
https://nutrithrive.com.au/pages/blog/grow-moringa-tree-australia,0,15,0%,9.87
https://nutrithrive.com.au/blog/fresh-vs-dried-curry-leaves-melbourne-complete-guide.html,0,14,0%,8.21
https://nutrithrive.com.au/pages/blog/moringa-brands-reviewed-australia-2025-verdict,0,6,0%,9
https://nutrithrive.com.au/pages/blog/affordable-food-budget-eating-family-australia-complete-guide-2025,0,4,0%,6.75
https://nutrithrive.com.au/blog/best-protein-powder-australia.html,0,4,0%,11
https://nutrithrive.com.au/blog/complete-guide-to-moringa-powder-australia.html,0,2,0%,8
https://nutrithrive.com.au/pages/blog/best-moringa-powder-australia-2025,0,2,0%,10
https://nutrithrive.com.au/pages/homepage/melbourne,0,2,0%,20
https://nutrithrive.com.au/pages/blog/complete-guide-to-moringa-powder-australia.html,0,2,0%,65
https://nutrithrive.com.au/product-detail,0,1,0%,1
https://nutrithrive.com.au/blog/moringa-powder-athletes-performance-benefits-australia-2025,0,1,0%,7
https://nutrithrive.com.au/pages/blog/dried-curry-leaves-karipatta-benefits-melbourne-guide,0,1,0%,7
https://nutrithrive.com.au/pages/blog/moringa-vs-superfoods-comparison-australia-2025.html,0,1,0%,8
https://nutrithrive.com.au/pages/usage-guide/how-to-use-moringa,0,1,0%,8
https://nutrithrive.com.au/pages/blog/nutrithrive-dried-curry-leaves-tradition-health,0,1,0%,10
https://nutrithrive.com.au/pages/blog/dried-curry-leaves-culinary-uses-storage-benefits-complete-guide,0,1,0%,11
https://nutrithrive.com.au/pages/blog/black-tea-health-benefits-melbourne-guide,0,1,0%,12
https://nutrithrive.com.au/pages/blog/high-protein-snacks-australia-25-options-under-150-calories-2025,0,1,0%,12
https://nutrithrive.com.au/pages/blog/15-healthy-breakfast-meals-australians-love-2025.html,0,1,0%,88